V_mag,V_angle,Plane_Angle,Trial_num,--,Pad_Connections,BodyContact,ForelegContact,HindlegContact,--,a_Trg_trg,a_Rot_trg,Vel_mag_B_O_trg,Vel_angle_B_O_trg,Vel_mag_B_P_trg,Vel_angle_B_P_trg,Tau_CR_trg,Tau_trg,Theta_x_trg,D_perp_CR_trg,D_perp_trg,--,Phi_B_O_impact,Phi_B_P_impact,Omega_B_O_impact,Vel_B_P_impact_x,Vel_B_P_impact_z,Impact_Magnitude,Force_Impact_x,Force_Impact_y,Force_Impact_z,--,reward,reward_vals,NN_Output_trg,a_Rot_scale,--,4_Leg_NBC,4_Leg_BC,2_Leg_NBC,2_Leg_BC,0_Leg_NBC,0_Leg_BC
1.6,15,0,0,--,0,False,False,False,--,0.522,-99.859,1.6,15.0,1.6,15.0,0.2,0.703,5.309,0.083,0.291,--,nan,nan,nan,nan,nan,nan,nan,nan,nan,--,0.025,[0.992 0.777 0.    0.    0.    0.    0.   ],[ 0.517 -0.997  0.006  0.26 ],[-100    0],--,0,0,0,0,1,0
1.6,15,0,1,--,4,False,True,False,--,0.536,-99.781,1.6,15.0,1.6,15.0,0.194,0.696,5.359,0.08,0.288,--,-142.303,142.303,-20.064,0.513,-0.379,nan,nan,nan,nan,--,0.93,[1.    0.803 1.    0.953 0.6   0.981 1.   ],[ 0.538 -0.998  0.005  0.26 ],[-100    0],--,1,0,0,0,0,0
1.6,15,0,2,--,0,False,False,False,--,0.531,-99.848,1.6,15.0,1.6,15.0,0.199,0.701,5.321,0.082,0.29,--,nan,nan,nan,nan,nan,nan,nan,nan,nan,--,0.025,[0.997 0.783 0.    0.    0.    0.    0.   ],[ 0.532 -0.997  0.005  0.259],[-100    0],--,0,0,0,0,1,0
1.6,15,0,3,--,0,False,False,False,--,0.522,-99.92,1.6,15.0,1.6,15.0,0.2,0.702,5.315,0.083,0.291,--,nan,nan,nan,nan,nan,nan,nan,nan,nan,--,0.025,[0.997 0.78  0.    0.    0.    0.    0.   ],[ 0.528 -0.997  0.005  0.259],[-100    0],--,0,0,0,0,1,0
1.6,15,0,4,--,4,False,True,False,--,0.539,-99.892,1.6,15.0,1.6,15.0,0.197,0.7,5.332,0.082,0.29,--,-144.793,144.793,-20.132,0.507,-0.401,nan,nan,nan,nan,--,0.928,[0.999 0.789 1.    0.936 0.579 0.992 1.   ],[ 0.534 -0.998  0.005  0.259],[-100    0],--,1,0,0,0,0,0
1.6,25,0,0,--,4,False,True,False,--,0.54,-99.895,1.6,25.0,1.6,25.0,0.2,0.508,4.22,0.136,0.344,--,-133.337,133.337,-19.885,0.43,-0.024,nan,nan,nan,nan,--,0.909,[0.999 0.777 1.    0.977 0.675 0.858 1.   ],[ 0.542 -0.998  0.005  0.25 ],[-100    0],--,1,0,0,0,0,0
1.6,25,0,1,--,4,False,True,False,--,0.526,-99.948,1.6,25.0,1.6,25.0,0.204,0.511,4.193,0.138,0.346,--,-134.559,134.559,-19.925,0.426,-0.035,nan,nan,nan,nan,--,0.913,[0.999 0.765 1.    0.984 0.665 0.874 1.   ],[ 0.528 -0.997  0.005  0.25 ],[-100    0],--,1,0,0,0,0,0
1.6,25,0,2,--,4,False,True,False,--,0.513,-99.806,1.6,25.0,1.6,25.0,0.205,0.513,4.183,0.139,0.347,--,-135.508,135.508,-19.924,0.425,-0.046,nan,nan,nan,nan,--,0.916,[1.    0.76  1.    0.989 0.658 0.888 1.   ],[ 0.513 -0.995  0.006  0.252],[-100    0],--,1,0,0,0,0,0
1.6,25,0,3,--,4,False,True,False,--,0.545,-99.866,1.6,25.0,1.6,25.0,0.2,0.507,4.227,0.135,0.343,--,-133.298,133.298,-19.879,0.43,-0.024,nan,nan,nan,nan,--,0.909,[0.999 0.781 1.    0.977 0.676 0.857 1.   ],[ 0.543 -0.998  0.005  0.25 ],[-100    0],--,1,0,0,0,0,0
1.6,25,0,4,--,4,False,True,False,--,0.5,-99.754,1.6,25.0,1.6,25.0,0.206,0.513,4.177,0.139,0.347,--,-136.556,136.556,-19.938,0.425,-0.059,nan,nan,nan,nan,--,0.92,[0.998 0.757 1.    0.993 0.649 0.902 1.   ],[ 0.503 -0.995  0.007  0.253],[-100    0],--,1,0,0,0,0,0
1.6,35,0,0,--,4,False,True,False,--,0.519,-99.894,1.6,35.0,1.6,35.0,0.209,0.435,3.28,0.191,0.4,--,-133.341,133.341,-19.885,0.291,0.216,nan,nan,nan,nan,--,0.88,[0.999 0.746 1.    0.771 0.675 0.858 1.   ],[ 0.516 -0.995  0.006  0.244],[-100    0],--,1,0,0,0,0,0
1.6,35,0,1,--,4,False,True,False,--,0.545,-99.926,1.6,35.0,1.6,35.0,0.204,0.431,3.312,0.188,0.396,--,-129.985,129.985,-19.801,0.296,0.253,nan,nan,nan,nan,--,0.864,[0.999 0.762 1.    0.716 0.703 0.812 1.   ],[ 0.547 -0.998  0.005  0.242],[-100    0],--,1,0,0,0,0,0
1.6,35,0,2,--,4,False,True,False,--,0.54,-99.898,1.6,35.0,1.6,35.0,0.206,0.433,3.302,0.189,0.397,--,-131.065,131.065,-19.825,0.295,0.241,nan,nan,nan,nan,--,0.869,[0.999 0.757 1.    0.734 0.694 0.826 1.   ],[ 0.545 -0.998  0.005  0.241],[-100    0],--,1,0,0,0,0,0
1.6,35,0,3,--,4,False,True,False,--,0.549,-99.77,1.6,35.0,1.6,35.0,0.204,0.43,3.319,0.187,0.395,--,-129.743,129.743,-19.767,0.3,0.251,nan,nan,nan,nan,--,0.863,[1.    0.765 1.    0.719 0.704 0.808 1.   ],[ 0.548 -0.998  0.005  0.242],[-100    0],--,1,0,0,0,0,0
1.6,35,0,4,--,4,False,True,False,--,0.543,-99.86,1.6,35.0,1.6,35.0,0.206,0.433,3.301,0.189,0.397,--,-130.995,130.995,-19.816,0.297,0.239,nan,nan,nan,nan,--,0.869,[0.998 0.756 1.    0.737 0.694 0.825 1.   ],[ 0.545 -0.998  0.005  0.241],[-100    0],--,1,0,0,0,0,0
1.6,45,0,0,--,4,False,True,False,--,0.54,-99.886,1.6,45.0,1.6,45.0,0.21,0.394,2.541,0.237,0.445,--,-129.896,129.896,-19.79,0.119,0.466,nan,nan,nan,nan,--,0.829,[0.999 0.742 1.    0.473 0.703 0.81  1.   ],[ 0.544 -0.997  0.005  0.236],[-100    0],--,1,0,0,0,0,0
1.6,45,0,1,--,4,False,True,False,--,0.534,-99.743,1.6,45.0,1.6,45.0,0.21,0.394,2.536,0.238,0.446,--,-130.828,130.828,-19.792,0.121,0.45,nan,nan,nan,nan,--,0.832,[0.999 0.739 1.    0.478 0.696 0.823 1.   ],[ 0.537 -0.997  0.005  0.237],[-100    0],--,1,0,0,0,0,0
1.6,45,0,2,--,4,False,True,False,--,0.534,-99.898,1.6,45.0,1.6,45.0,0.211,0.395,2.534,0.238,0.447,--,-131.036,131.036,-19.823,0.118,0.452,nan,nan,nan,nan,--,0.833,[0.999 0.738 1.    0.477 0.694 0.826 1.   ],[ 0.533 -0.997  0.006  0.237],[-100    0],--,1,0,0,0,0,0
1.6,45,0,3,--,4,False,True,False,--,0.518,-99.444,1.6,45.0,1.6,45.0,0.212,0.395,2.529,0.239,0.447,--,-131.521,131.521,-19.758,0.121,0.441,nan,nan,nan,nan,--,0.835,[0.998 0.735 1.    0.481 0.69  0.833 1.   ],[ 0.524 -0.996  0.006  0.238],[-100    0],--,1,0,0,0,0,0
1.6,45,0,4,--,4,False,True,False,--,0.532,-99.678,1.6,45.0,1.6,45.0,0.21,0.394,2.536,0.238,0.446,--,-130.749,130.749,-19.779,0.118,0.456,nan,nan,nan,nan,--,0.832,[0.999 0.739 1.    0.476 0.696 0.822 1.   ],[ 0.536 -0.997  0.005  0.237],[-100    0],--,1,0,0,0,0,0
1.6,55,0,0,--,4,False,True,False,--,0.54,-99.817,1.6,55.0,1.6,55.0,0.208,0.366,1.911,0.272,0.48,--,-127.555,127.555,-19.712,-0.089,0.669,nan,nan,nan,nan,--,0.635,[1.    0.75  1.    0.406 0.722 0.135 1.   ],[ 0.543 -0.995  0.006  0.22 ],[-100    0],--,1,0,0,0,0,0
1.6,55,0,1,--,4,False,True,False,--,0.572,-99.879,1.6,55.0,1.6,55.0,0.203,0.362,1.934,0.267,0.475,--,-124.275,124.275,-19.619,-0.082,0.706,nan,nan,nan,nan,--,0.639,[0.999 0.766 1.    0.399 0.747 0.14  1.   ],[ 0.571 -0.996  0.006  0.201],[-100    0],--,1,0,0,0,0,0
1.6,55,0,2,--,4,False,True,False,--,0.543,-99.768,1.6,55.0,1.6,55.0,0.208,0.367,1.908,0.273,0.481,--,-127.512,127.512,-19.704,-0.09,0.67,nan,nan,nan,nan,--,0.635,[0.999 0.748 1.    0.406 0.722 0.135 1.   ],[ 0.542 -0.995  0.006  0.221],[-100    0],--,1,0,0,0,0,0
1.6,55,0,3,--,4,False,True,False,--,0.541,-99.745,1.6,55.0,1.6,55.0,0.208,0.367,1.909,0.273,0.481,--,-127.457,127.457,-19.697,-0.089,0.671,nan,nan,nan,nan,--,0.635,[0.999 0.748 1.    0.406 0.723 0.135 1.   ],[ 0.542 -0.995  0.006  0.22 ],[-100    0],--,1,0,0,0,0,0
1.6,55,0,4,--,4,False,True,False,--,0.534,-99.762,1.6,55.0,1.6,55.0,0.21,0.369,1.898,0.275,0.483,--,-128.635,128.635,-19.736,-0.095,0.662,nan,nan,nan,nan,--,0.634,[0.999 0.74  1.    0.407 0.713 0.134 1.   ],[ 0.531 -0.994  0.007  0.225],[-100    0],--,1,0,0,0,0,0
1.6,65,0,0,--,4,False,True,False,--,0.521,-96.306,1.6,65.0,1.6,65.0,0.209,0.352,1.324,0.303,0.511,--,-127.302,127.302,-19.305,-0.311,0.754,nan,nan,nan,nan,--,0.63,[1.    0.745 1.    0.364 0.724 0.136 1.   ],[ 0.507 -0.949  0.012  0.142],[-100    0],--,1,0,0,0,0,0
1.6,65,0,1,--,4,False,True,False,--,0.658,-98.537,1.6,65.0,1.6,65.0,0.201,0.345,1.352,0.292,0.5,--,-122.568,122.568,-19.408,-0.314,0.846,nan,nan,nan,nan,--,0.636,[0.999 0.773 1.    0.356 0.76  0.143 1.   ],[ 0.664 -0.974  0.008  0.078],[-100    0],--,1,0,0,0,0,0
1.6,65,0,2,--,4,False,True,False,--,0.511,-96.774,1.6,65.0,1.6,65.0,0.209,0.352,1.323,0.303,0.511,--,-126.882,126.882,-19.373,-0.316,0.766,nan,nan,nan,nan,--,0.63,[1.    0.745 1.    0.363 0.727 0.136 1.   ],[ 0.506 -0.949  0.012  0.143],[-100    0],--,1,0,0,0,0,0
1.6,65,0,3,--,4,False,True,False,--,0.666,-98.594,1.6,65.0,1.6,65.0,0.2,0.343,1.359,0.29,0.498,--,-121.509,121.509,-19.378,-0.31,0.856,nan,nan,nan,nan,--,0.637,[0.999 0.78  1.    0.355 0.768 0.145 1.   ],[ 0.665 -0.972  0.008  0.076],[-100    0],--,1,0,0,0,0,0
1.6,65,0,4,--,4,False,True,False,--,0.658,-98.977,1.6,65.0,1.6,65.0,0.201,0.345,1.353,0.292,0.5,--,-121.978,121.978,-19.399,-0.31,0.858,nan,nan,nan,nan,--,0.637,[1.    0.774 1.    0.356 0.764 0.144 1.   ],[ 0.664 -0.974  0.008  0.078],[-100    0],--,1,0,0,0,0,0
1.6,75,0,0,--,4,False,True,False,--,0.583,-85.784,1.6,75.0,1.6,75.0,0.199,0.333,0.804,0.307,0.515,--,-122.914,122.914,-18.049,-0.501,0.685,nan,nan,nan,nan,--,0.63,[0.999 0.784 1.    0.313 0.757 0.143 1.   ],[ 0.587 -0.741  0.013  0.053],[-100    0],--,1,0,0,0,0,0
1.6,75,0,1,--,4,False,True,False,--,0.607,-89.314,1.6,75.0,1.6,75.0,0.202,0.337,0.796,0.312,0.52,--,-123.964,123.964,-18.479,-0.524,0.744,nan,nan,nan,nan,--,0.629,[0.999 0.771 1.    0.319 0.749 0.141 1.   ],[ 0.587 -0.762  0.013  0.055],[-100    0],--,1,0,0,0,0,0
1.6,75,0,2,--,4,False,True,False,--,0.596,-89.517,1.6,75.0,1.6,75.0,0.198,0.333,0.806,0.306,0.514,--,-121.069,121.069,-18.422,-0.517,0.777,nan,nan,nan,nan,--,0.633,[1.    0.787 1.    0.315 0.771 0.145 1.   ],[ 0.587 -0.737  0.013  0.052],[-100    0],--,1,0,0,0,0,0
1.6,75,0,3,--,4,False,True,False,--,0.582,-89.822,1.6,75.0,1.6,75.0,0.203,0.338,0.793,0.314,0.522,--,-124.613,124.613,-18.526,-0.524,0.745,nan,nan,nan,nan,--,0.628,[0.999 0.766 1.    0.321 0.744 0.14  1.   ],[ 0.577 -0.752  0.013  0.057],[-100    0],--,1,0,0,0,0,0
1.6,75,0,4,--,0,False,True,False,--,0.51,-80.753,1.6,75.0,1.6,75.0,0.205,0.34,0.789,0.317,0.525,--,-129.24,129.24,-17.664,-0.48,0.494,nan,nan,nan,nan,--,0.341,[0.997 0.76  1.    0.309 0.708 0.133 0.   ],[ 0.519 -0.645  0.017  0.067],[-100    0],--,0,0,0,0,1,0
1.6,85,0,0,--,4,False,True,False,--,0.569,-70.618,1.6,85.0,1.6,85.0,0.196,0.326,0.268,0.312,0.52,--,-127.921,127.921,-16.46,-0.69,0.302,nan,nan,nan,nan,--,0.613,[1.    0.795 1.    0.244 0.719 0.135 1.   ],[ 0.569 -0.474  0.012  0.038],[-100    0],--,1,0,0,0,0,0
1.6,85,0,1,--,4,False,True,False,--,0.572,-73.097,1.6,85.0,1.6,85.0,0.195,0.326,0.269,0.311,0.519,--,-124.825,124.825,-16.646,-0.695,0.403,nan,nan,nan,nan,--,0.619,[1.    0.798 1.    0.253 0.743 0.14  1.   ],[ 0.569 -0.465  0.012  0.037],[-100    0],--,1,0,0,0,0,0
1.6,85,0,2,--,0,False,True,False,--,0.508,-70.742,1.6,85.0,1.6,85.0,0.2,0.331,0.264,0.319,0.527,--,-131.823,131.823,-16.505,-0.69,0.256,nan,nan,nan,nan,--,0.329,[0.995 0.778 1.    0.245 0.688 0.129 0.   ],[ 0.521 -0.375  0.015  0.044],[-100    0],--,0,0,0,0,1,0
1.6,85,0,3,--,4,False,True,False,--,0.57,-69.847,1.6,85.0,1.6,85.0,0.192,0.323,0.271,0.307,0.515,--,-125.434,125.434,-16.294,-0.676,0.306,nan,nan,nan,nan,--,0.616,[0.999 0.809 1.    0.239 0.738 0.139 1.   ],[ 0.569 -0.435  0.012  0.036],[-100    0],--,1,0,0,0,0,0
1.6,85,0,4,--,4,False,True,False,--,0.571,-77.001,1.6,85.0,1.6,85.0,0.196,0.327,0.268,0.313,0.521,--,-123.869,123.869,-17.081,-0.717,0.511,nan,nan,nan,nan,--,0.622,[1.    0.794 1.    0.265 0.75  0.141 1.   ],[ 0.569 -0.477  0.012  0.038],[-100    0],--,1,0,0,0,0,0
2.0,15,0,0,--,4,False,True,False,--,0.539,-99.77,2.0,15.0,2.0,15.0,0.194,0.596,6.266,0.1,0.308,--,-136.477,136.477,-19.933,0.914,-0.225,nan,nan,nan,nan,--,0.921,[0.998 0.804 1.    0.999 0.65  0.901 1.   ],[ 0.537 -0.998  0.005  0.27 ],[-100    0],--,1,0,0,0,0,0
2.0,15,0,1,--,4,False,True,False,--,0.533,-99.87,2.0,15.0,2.0,15.0,0.2,0.602,6.204,0.103,0.311,--,-140.094,140.094,-20.032,0.908,-0.262,nan,nan,nan,nan,--,0.93,[1.    0.78  1.    1.    0.619 0.951 1.   ],[ 0.53  -0.998  0.005  0.268],[-100    0],--,1,0,0,0,0,0
2.0,15,0,2,--,4,False,True,False,--,0.538,-99.856,2.0,15.0,2.0,15.0,0.198,0.6,6.217,0.103,0.311,--,-140.061,140.061,-20.028,0.909,-0.263,nan,nan,nan,nan,--,0.93,[0.998 0.785 1.    1.    0.619 0.95  1.   ],[ 0.531 -0.998  0.005  0.269],[-100    0],--,1,0,0,0,0,0
2.0,15,0,3,--,4,False,True,False,--,0.536,-99.902,2.0,15.0,2.0,15.0,0.196,0.598,6.237,0.102,0.31,--,-138.965,138.965,-20.012,0.911,-0.252,nan,nan,nan,nan,--,0.928,[0.999 0.793 1.    1.    0.629 0.935 1.   ],[ 0.534 -0.998  0.005  0.27 ],[-100    0],--,1,0,0,0,0,0
2.0,15,0,4,--,4,False,True,False,--,0.526,-99.969,2.0,15.0,2.0,15.0,0.198,0.6,6.222,0.102,0.311,--,-139.059,139.059,-20.025,0.908,-0.249,nan,nan,nan,nan,--,0.928,[0.998 0.787 1.    1.    0.628 0.936 1.   ],[ 0.532 -0.998  0.005  0.269],[-100    0],--,1,0,0,0,0,0
2.0,25,0,0,--,4,False,True,False,--,0.547,-99.946,2.0,25.0,2.0,25.0,0.203,0.449,4.774,0.172,0.38,--,-131.074,131.074,-19.83,0.801,0.162,nan,nan,nan,nan,--,0.894,[1.    0.767 1.    0.913 0.694 0.827 1.   ],[ 0.54  -0.998  0.005  0.256],[-100    0],--,1,0,0,0,0,0
2.0,25,0,1,--,4,False,True,False,--,0.546,-99.935,2.0,25.0,2.0,25.0,0.202,0.448,4.787,0.171,0.379,--,-131.066,131.066,-19.828,0.801,0.164,nan,nan,nan,nan,--,0.894,[1.    0.772 1.    0.913 0.694 0.826 1.   ],[ 0.542 -0.998  0.005  0.256],[-100    0],--,1,0,0,0,0,0
2.0,25,0,2,--,4,False,True,False,--,0.501,-99.775,2.0,25.0,2.0,25.0,0.208,0.454,4.725,0.176,0.384,--,-134.242,134.242,-19.883,0.798,0.126,nan,nan,nan,nan,--,0.906,[0.997 0.749 1.    0.939 0.668 0.87  1.   ],[ 0.509 -0.996  0.006  0.258],[-100    0],--,1,0,0,0,0,0
2.0,25,0,3,--,4,False,True,False,--,0.543,-99.925,2.0,25.0,2.0,25.0,0.2,0.447,4.802,0.169,0.377,--,-129.895,129.895,-19.793,0.806,0.171,nan,nan,nan,nan,--,0.89,[1.    0.777 1.    0.905 0.703 0.81  1.   ],[ 0.544 -0.998  0.005  0.256],[-100    0],--,1,0,0,0,0,0
2.0,25,0,4,--,4,False,True,False,--,0.514,-99.923,2.0,25.0,2.0,25.0,0.207,0.453,4.73,0.175,0.383,--,-134.424,134.424,-19.911,0.8,0.12,nan,nan,nan,nan,--,0.907,[0.998 0.751 1.    0.941 0.667 0.873 1.   ],[ 0.516 -0.996  0.006  0.257],[-100    0],--,1,0,0,0,0,0
2.0,35,0,0,--,4,False,True,False,--,0.545,-99.817,2.0,35.0,2.0,35.0,0.206,0.387,3.689,0.236,0.444,--,-128.571,128.571,-19.734,0.64,0.48,nan,nan,nan,nan,--,0.862,[0.998 0.757 1.    0.733 0.714 0.792 1.   ],[ 0.55  -0.998  0.004  0.247],[-100    0],--,1,0,0,0,0,0
2.0,35,0,1,--,4,False,True,False,--,0.546,-99.665,2.0,35.0,2.0,35.0,0.206,0.387,3.687,0.236,0.444,--,-128.364,128.364,-19.703,0.64,0.482,nan,nan,nan,nan,--,0.861,[1.    0.756 1.    0.731 0.715 0.789 1.   ],[ 0.55  -0.998  0.004  0.247],[-100    0],--,1,0,0,0,0,0
2.0,35,0,2,--,4,False,True,False,--,0.549,-99.908,2.0,35.0,2.0,35.0,0.209,0.391,3.656,0.24,0.448,--,-130.974,130.974,-19.818,0.635,0.455,nan,nan,nan,nan,--,0.872,[0.998 0.744 1.    0.761 0.695 0.825 1.   ],[ 0.546 -0.998  0.004  0.246],[-100    0],--,1,0,0,0,0,0
2.0,35,0,3,--,4,False,True,False,--,0.53,-99.795,2.0,35.0,2.0,35.0,0.212,0.393,3.635,0.243,0.451,--,-133.057,133.057,-19.852,0.632,0.432,nan,nan,nan,nan,--,0.881,[0.997 0.735 1.    0.786 0.678 0.854 1.   ],[ 0.525 -0.997  0.006  0.248],[-100    0],--,1,0,0,0,0,0
2.0,35,0,4,--,4,False,True,False,--,0.508,-99.877,2.0,35.0,2.0,35.0,0.213,0.395,3.618,0.245,0.453,--,-134.284,134.284,-19.894,0.63,0.418,nan,nan,nan,nan,--,0.886,[0.996 0.729 1.    0.8   0.668 0.871 1.   ],[ 0.503 -0.995  0.007  0.25 ],[-100    0],--,1,0,0,0,0,0
2.0,45,0,0,--,4,False,True,False,--,0.551,-99.877,2.0,45.0,2.0,45.0,0.213,0.361,2.774,0.302,0.51,--,-130.873,130.873,-19.806,0.412,0.721,nan,nan,nan,nan,--,0.844,[1.    0.728 1.    0.559 0.695 0.824 1.   ],[ 0.552 -0.998  0.004  0.239],[-100    0],--,1,0,0,0,0,0
2.0,45,0,1,--,4,False,True,False,--,0.526,-99.764,2.0,45.0,2.0,45.0,0.216,0.363,2.754,0.305,0.514,--,-132.986,132.986,-19.843,0.408,0.699,nan,nan,nan,nan,--,0.852,[0.998 0.719 1.    0.582 0.678 0.853 1.   ],[ 0.527 -0.997  0.006  0.241],[-100    0],--,1,0,0,0,0,0
2.0,45,0,2,--,4,False,True,False,--,0.548,-99.957,2.0,45.0,2.0,45.0,0.214,0.361,2.767,0.303,0.511,--,-131.037,131.037,-19.827,0.408,0.725,nan,nan,nan,nan,--,0.844,[0.999 0.725 1.    0.557 0.694 0.826 1.   ],[ 0.546 -0.998  0.005  0.239],[-100    0],--,1,0,0,0,0,0
2.0,45,0,3,--,4,False,True,False,--,0.555,-99.891,2.0,45.0,2.0,45.0,0.213,0.36,2.779,0.301,0.509,--,-129.793,129.793,-19.781,0.414,0.734,nan,nan,nan,nan,--,0.839,[1.    0.731 1.    0.546 0.704 0.809 1.   ],[ 0.553 -0.998  0.004  0.239],[-100    0],--,1,0,0,0,0,0
2.0,45,0,4,--,4,False,True,False,--,0.554,-99.809,2.0,45.0,2.0,45.0,0.211,0.358,2.792,0.298,0.507,--,-129.648,129.648,-19.761,0.416,0.733,nan,nan,nan,nan,--,0.839,[0.999 0.737 1.    0.547 0.705 0.807 1.   ],[ 0.554 -0.998  0.004  0.239],[-100    0],--,1,0,0,0,0,0
2.0,55,0,0,--,4,False,True,False,--,0.534,-99.914,2.0,55.0,2.0,55.0,0.218,0.345,2.027,0.358,0.566,--,-132.081,132.081,-19.846,0.141,0.936,nan,nan,nan,nan,--,0.833,[1.    0.71  1.    0.463 0.686 0.84  1.   ],[ 0.536 -0.997  0.005  0.238],[-100    0],--,1,0,0,0,0,0
2.0,55,0,1,--,4,False,True,False,--,0.519,-99.78,2.0,55.0,2.0,55.0,0.22,0.347,2.018,0.36,0.568,--,-134.164,134.164,-19.876,0.139,0.911,nan,nan,nan,nan,--,0.84,[0.999 0.705 1.    0.469 0.669 0.869 1.   ],[ 0.519 -0.995  0.006  0.24 ],[-100    0],--,1,0,0,0,0,0
2.0,55,0,2,--,4,False,True,False,--,0.511,-99.683,2.0,55.0,2.0,55.0,0.22,0.347,2.017,0.361,0.569,--,-134.033,134.033,-19.857,0.139,0.913,nan,nan,nan,nan,--,0.839,[0.999 0.704 1.    0.469 0.67  0.867 1.   ],[ 0.516 -0.995  0.007  0.24 ],[-100    0],--,1,0,0,0,0,0
2.0,55,0,3,--,4,False,True,False,--,0.558,-99.931,2.0,55.0,2.0,55.0,0.215,0.342,2.047,0.352,0.56,--,-129.86,129.86,-19.79,0.145,0.959,nan,nan,nan,nan,--,0.827,[0.999 0.722 1.    0.457 0.704 0.81  1.   ],[ 0.557 -0.998  0.004  0.236],[-100    0],--,1,0,0,0,0,0
2.0,55,0,4,--,4,False,True,False,--,0.506,-99.187,2.0,55.0,2.0,55.0,0.221,0.348,2.012,0.362,0.57,--,-134.421,134.421,-19.779,0.145,0.899,nan,nan,nan,nan,--,0.841,[1.    0.701 1.    0.471 0.667 0.873 1.   ],[ 0.507 -0.994  0.007  0.242],[-100    0],--,1,0,0,0,0,0
2.0,65,0,0,--,0,False,True,False,--,0.516,-99.192,2.0,65.0,2.0,65.0,0.216,0.331,1.41,0.392,0.6,--,-128.83,128.83,-19.638,-0.149,1.136,nan,nan,nan,nan,--,0.356,[0.997 0.719 1.    0.41  0.712 0.133 0.   ],[ 0.508 -0.982  0.009  0.189],[-100    0],--,0,0,0,0,1,0
2.0,65,0,1,--,4,False,True,False,--,0.668,-99.514,2.0,65.0,2.0,65.0,0.208,0.323,1.444,0.377,0.585,--,-123.697,123.697,-19.536,-0.144,1.202,nan,nan,nan,nan,--,0.64,[0.999 0.748 1.    0.397 0.751 0.141 1.   ],[ 0.666 -0.99   0.006  0.104],[-100    0],--,1,0,0,0,0,0
2.0,65,0,2,--,4,False,True,False,--,0.648,-99.635,2.0,65.0,2.0,65.0,0.21,0.324,1.437,0.38,0.588,--,-124.997,124.997,-19.599,-0.148,1.188,nan,nan,nan,nan,--,0.638,[1.    0.742 1.    0.4   0.742 0.139 1.   ],[ 0.649 -0.99   0.006  0.114],[-100    0],--,1,0,0,0,0,0
2.0,65,0,3,--,4,False,True,False,--,0.649,-99.513,2.0,65.0,2.0,65.0,0.209,0.324,1.439,0.379,0.588,--,-124.831,124.831,-19.574,-0.144,1.185,nan,nan,nan,nan,--,0.638,[0.999 0.743 1.    0.4   0.743 0.14  1.   ],[ 0.653 -0.99   0.006  0.112],[-100    0],--,1,0,0,0,0,0
2.0,65,0,4,--,4,False,True,False,--,0.613,-99.496,2.0,65.0,2.0,65.0,0.213,0.327,1.424,0.385,0.594,--,-127.033,127.033,-19.638,-0.149,1.161,nan,nan,nan,nan,--,0.636,[0.999 0.731 1.    0.405 0.726 0.136 1.   ],[ 0.613 -0.99   0.007  0.138],[-100    0],--,1,0,0,0,0,0
2.0,75,0,0,--,4,False,True,False,--,0.605,-94.191,2.0,75.0,2.0,75.0,0.207,0.314,0.852,0.399,0.608,--,-122.175,122.175,-18.963,-0.438,1.234,nan,nan,nan,nan,--,0.637,[0.999 0.753 1.    0.358 0.763 0.144 1.   ],[ 0.611 -0.879  0.01   0.061],[-100    0],--,1,0,0,0,0,0
2.0,75,0,1,--,4,False,True,False,--,0.619,-96.005,2.0,75.0,2.0,75.0,0.21,0.318,0.842,0.406,0.614,--,-124.607,124.607,-19.226,-0.452,1.238,nan,nan,nan,nan,--,0.633,[0.998 0.739 1.    0.363 0.744 0.14  1.   ],[ 0.612 -0.903  0.01   0.066],[-100    0],--,1,0,0,0,0,0
2.0,75,0,2,--,4,False,True,False,--,0.619,-93.001,2.0,75.0,2.0,75.0,0.205,0.313,0.857,0.396,0.604,--,-121.555,121.555,-18.798,-0.424,1.213,nan,nan,nan,nan,--,0.637,[0.998 0.759 1.    0.357 0.767 0.145 1.   ],[ 0.61  -0.865  0.011  0.059],[-100    0],--,1,0,0,0,0,0
2.0,75,0,3,--,4,False,True,False,--,0.605,-95.606,2.0,75.0,2.0,75.0,0.21,0.318,0.843,0.406,0.614,--,-125.094,125.094,-19.172,-0.448,1.225,nan,nan,nan,nan,--,0.633,[0.998 0.74  1.    0.364 0.741 0.139 1.   ],[ 0.612 -0.902  0.01   0.065],[-100    0],--,1,0,0,0,0,0
2.0,75,0,4,--,4,False,True,False,--,0.61,-93.952,2.0,75.0,2.0,75.0,0.204,0.312,0.858,0.395,0.603,--,-120.692,120.692,-18.87,-0.427,1.241,nan,nan,nan,nan,--,0.638,[1.    0.762 1.    0.355 0.774 0.146 1.   ],[ 0.61  -0.86   0.011  0.058],[-100    0],--,1,0,0,0,0,0
2.0,85,0,0,--,4,False,True,False,--,0.576,-75.093,2.0,85.0,2.0,85.0,0.201,0.305,0.286,0.4,0.608,--,-118.686,118.686,-16.724,-0.657,0.92,nan,nan,nan,nan,--,0.634,[0.999 0.775 1.    0.304 0.788 0.149 1.   ],[ 0.573 -0.514  0.012  0.039],[-100    0],--,1,0,0,0,0,0
2.0,85,0,1,--,4,False,True,False,--,0.569,-76.568,2.0,85.0,2.0,85.0,0.205,0.309,0.283,0.408,0.616,--,-121.213,121.213,-16.979,-0.675,0.929,nan,nan,nan,nan,--,0.631,[0.998 0.76  1.    0.309 0.77  0.145 1.   ],[ 0.573 -0.554  0.012  0.041],[-100    0],--,1,0,0,0,0,0
2.0,85,0,2,--,4,False,True,False,--,0.581,-78.145,2.0,85.0,2.0,85.0,0.206,0.31,0.282,0.411,0.619,--,-121.896,121.896,-17.194,-0.689,0.961,nan,nan,nan,nan,--,0.631,[1.    0.756 1.    0.312 0.765 0.144 1.   ],[ 0.573 -0.564  0.012  0.042],[-100    0],--,1,0,0,0,0,0
2.0,85,0,3,--,4,False,True,False,--,0.581,-76.136,2.0,85.0,2.0,85.0,0.201,0.305,0.286,0.4,0.608,--,-118.618,118.618,-16.873,-0.671,0.953,nan,nan,nan,nan,--,0.635,[1.    0.775 1.    0.304 0.789 0.149 1.   ],[ 0.573 -0.514  0.012  0.039],[-100    0],--,1,0,0,0,0,0
2.0,85,0,4,--,4,False,True,False,--,0.569,-72.767,2.0,85.0,2.0,85.0,0.208,0.312,0.28,0.413,0.622,--,-123.325,123.325,-16.595,-0.659,0.813,nan,nan,nan,nan,--,0.628,[0.998 0.75  1.    0.307 0.754 0.142 1.   ],[ 0.545 -0.503  0.014  0.045],[-100    0],--,1,0,0,0,0,0
2.4,15,0,0,--,4,False,True,False,--,0.518,-99.869,2.4,15.0,2.4,15.0,0.203,0.538,6.933,0.126,0.334,--,-137.809,137.809,-19.983,1.295,-0.131,nan,nan,nan,nan,--,0.923,[0.997 0.766 1.    0.992 0.638 0.919 1.   ],[ 0.516 -0.998  0.005  0.277],[-100    0],--,1,0,0,0,0,0
2.4,15,0,1,--,4,False,True,False,--,0.507,-99.538,2.4,15.0,2.4,15.0,0.204,0.539,6.923,0.127,0.335,--,-138.49,138.49,-19.942,1.295,-0.14,nan,nan,nan,nan,--,0.925,[1.    0.763 1.    0.994 0.633 0.929 1.   ],[ 0.504 -0.997  0.006  0.279],[-100    0],--,1,0,0,0,0,0
2.4,15,0,2,--,4,False,True,False,--,0.528,-99.895,2.4,15.0,2.4,15.0,0.197,0.532,7.015,0.122,0.33,--,-133.318,133.318,-19.883,1.299,-0.081,nan,nan,nan,nan,--,0.909,[0.997 0.79  1.    0.978 0.676 0.857 1.   ],[ 0.532 -0.998  0.005  0.278],[-100    0],--,1,0,0,0,0,0
2.4,15,0,3,--,4,False,True,False,--,0.53,-99.938,2.4,15.0,2.4,15.0,0.194,0.529,7.05,0.121,0.329,--,-131.128,131.128,-19.834,1.3,-0.052,nan,nan,nan,nan,--,0.902,[0.999 0.801 1.    0.969 0.693 0.827 1.   ],[ 0.536 -0.998  0.005  0.279],[-100    0],--,1,0,0,0,0,0
2.4,15,0,4,--,4,False,True,False,--,0.533,-99.923,2.4,15.0,2.4,15.0,0.195,0.53,7.047,0.121,0.329,--,-132.251,132.251,-19.862,1.298,-0.066,nan,nan,nan,nan,--,0.906,[0.999 0.8   1.    0.974 0.684 0.843 1.   ],[ 0.535 -0.998  0.005  0.279],[-100    0],--,1,0,0,0,0,0
2.4,25,0,0,--,4,False,True,False,--,0.543,-99.956,2.4,25.0,2.4,25.0,0.206,0.412,5.211,0.209,0.417,--,-130.007,130.007,-19.806,1.161,0.349,nan,nan,nan,nan,--,0.886,[0.996 0.754 1.    0.88  0.702 0.812 1.   ],[ 0.539 -0.998  0.004  0.26 ],[-100    0],--,1,0,0,0,0,0
2.4,25,0,1,--,4,False,True,False,--,0.532,-99.844,2.4,25.0,2.4,25.0,0.208,0.413,5.192,0.211,0.419,--,-130.985,130.985,-19.814,1.16,0.338,nan,nan,nan,nan,--,0.89,[0.995 0.749 1.    0.888 0.695 0.825 1.   ],[ 0.537 -0.998  0.004  0.26 ],[-100    0],--,1,0,0,0,0,0
2.4,25,0,2,--,4,False,True,False,--,0.539,-99.809,2.4,25.0,2.4,25.0,0.207,0.412,5.201,0.21,0.418,--,-130.937,130.937,-19.807,1.161,0.337,nan,nan,nan,nan,--,0.89,[1.    0.751 1.    0.888 0.695 0.825 1.   ],[ 0.538 -0.998  0.004  0.26 ],[-100    0],--,1,0,0,0,0,0
2.4,25,0,3,--,4,False,True,False,--,0.544,-99.851,2.4,25.0,2.4,25.0,0.202,0.407,5.273,0.204,0.413,--,-127.593,127.593,-19.718,1.17,0.37,nan,nan,nan,nan,--,0.877,[0.997 0.773 1.    0.861 0.721 0.779 1.   ],[ 0.544 -0.998  0.004  0.262],[-100    0],--,1,0,0,0,0,0
2.4,25,0,4,--,4,False,True,False,--,0.509,-99.868,2.4,25.0,2.4,25.0,0.211,0.416,5.158,0.214,0.422,--,-133.267,133.267,-19.876,1.16,0.307,nan,nan,nan,nan,--,0.899,[0.994 0.739 1.    0.907 0.676 0.857 1.   ],[ 0.506 -0.996  0.006  0.263],[-100    0],--,1,0,0,0,0,0
2.4,35,0,0,--,4,False,True,False,--,0.549,-99.943,2.4,35.0,2.4,35.0,0.209,0.36,3.969,0.287,0.495,--,-127.68,127.68,-19.733,0.963,0.727,nan,nan,nan,nan,--,0.858,[0.998 0.746 1.    0.725 0.721 0.78  1.   ],[ 0.551 -0.998  0.004  0.25 ],[-100    0],--,1,0,0,0,0,0
2.4,35,0,1,--,4,False,True,False,--,0.502,-99.803,2.4,35.0,2.4,35.0,0.217,0.368,3.88,0.299,0.507,--,-133.134,133.134,-19.859,0.953,0.669,nan,nan,nan,nan,--,0.88,[0.999 0.716 1.    0.781 0.677 0.855 1.   ],[ 0.506 -0.995  0.006  0.253],[-100    0],--,1,0,0,0,0,0
2.4,35,0,2,--,4,False,True,False,--,0.546,-99.906,2.4,35.0,2.4,35.0,0.212,0.363,3.934,0.292,0.5,--,-129.892,129.892,-19.791,0.958,0.705,nan,nan,nan,nan,--,0.867,[0.995 0.734 1.    0.748 0.703 0.81  1.   ],[ 0.547 -0.998  0.004  0.25 ],[-100    0],--,1,0,0,0,0,0
2.4,35,0,3,--,4,False,True,False,--,0.549,-99.817,2.4,35.0,2.4,35.0,0.212,0.363,3.937,0.291,0.499,--,-129.751,129.751,-19.771,0.96,0.704,nan,nan,nan,nan,--,0.867,[0.998 0.735 1.    0.747 0.704 0.808 1.   ],[ 0.548 -0.998  0.004  0.25 ],[-100    0],--,1,0,0,0,0,0
2.4,35,0,4,--,4,False,True,False,--,0.54,-99.799,2.4,35.0,2.4,35.0,0.214,0.365,3.909,0.295,0.503,--,-130.861,130.861,-19.799,0.957,0.693,nan,nan,nan,nan,--,0.871,[0.997 0.726 1.    0.758 0.696 0.824 1.   ],[ 0.538 -0.998  0.005  0.25 ],[-100    0],--,1,0,0,0,0,0
2.4,45,0,0,--,4,False,True,False,--,0.55,-99.813,2.4,45.0,2.4,45.0,0.219,0.342,2.924,0.372,0.58,--,-132.016,132.016,-19.832,0.687,0.999,nan,nan,nan,nan,--,0.854,[0.998 0.707 1.    0.61  0.686 0.839 1.   ],[ 0.544 -0.998  0.004  0.242],[-100    0],--,1,0,0,0,0,0
2.4,45,0,1,--,4,False,True,False,--,0.553,-99.891,2.4,45.0,2.4,45.0,0.218,0.341,2.934,0.37,0.578,--,-130.993,130.993,-19.818,0.688,1.012,nan,nan,nan,nan,--,0.849,[0.998 0.711 1.    0.598 0.694 0.825 1.   ],[ 0.553 -0.998  0.004  0.241],[-100    0],--,1,0,0,0,0,0
2.4,45,0,2,--,4,False,True,False,--,0.554,-99.818,2.4,45.0,2.4,45.0,0.215,0.338,2.961,0.365,0.573,--,-129.727,129.727,-19.769,0.694,1.021,nan,nan,nan,nan,--,0.844,[0.997 0.722 1.    0.587 0.705 0.808 1.   ],[ 0.557 -0.998  0.004  0.242],[-100    0],--,1,0,0,0,0,0
2.4,45,0,3,--,4,False,True,False,--,0.559,-99.795,2.4,45.0,2.4,45.0,0.214,0.337,2.969,0.363,0.572,--,-128.568,128.568,-19.732,0.696,1.033,nan,nan,nan,nan,--,0.84,[0.999 0.726 1.    0.575 0.714 0.792 1.   ],[ 0.558 -0.999  0.004  0.242],[-100    0],--,1,0,0,0,0,0
2.4,45,0,4,--,4,False,True,False,--,0.561,-99.937,2.4,45.0,2.4,45.0,0.216,0.338,2.955,0.366,0.574,--,-129.919,129.919,-19.796,0.691,1.022,nan,nan,nan,nan,--,0.845,[0.999 0.72  1.    0.588 0.703 0.811 1.   ],[ 0.556 -0.998  0.004  0.242],[-100    0],--,1,0,0,0,0,0
2.4,55,0,0,--,4,False,True,False,--,0.55,-99.818,2.4,55.0,2.4,55.0,0.224,0.329,2.125,0.44,0.648,--,-134.257,134.257,-19.887,0.364,1.244,nan,nan,nan,nan,--,0.843,[0.999 0.692 1.    0.491 0.668 0.87  1.   ],[ 0.552 -0.998  0.004  0.236],[-100    0],--,1,0,0,0,0,0
2.4,55,0,1,--,4,False,True,False,--,0.559,-99.866,2.4,55.0,2.4,55.0,0.222,0.328,2.137,0.436,0.644,--,-132.081,132.081,-19.842,0.364,1.271,nan,nan,nan,nan,--,0.836,[0.999 0.698 1.    0.484 0.686 0.84  1.   ],[ 0.56  -0.999  0.004  0.235],[-100    0],--,1,0,0,0,0,0
2.4,55,0,2,--,4,False,True,False,--,0.507,-99.579,2.4,55.0,2.4,55.0,0.228,0.334,2.099,0.448,0.656,--,-137.353,137.353,-19.92,0.359,1.211,nan,nan,nan,nan,--,0.852,[0.999 0.678 1.    0.5   0.642 0.913 1.   ],[ 0.509 -0.995  0.007  0.241],[-100    0],--,1,0,0,0,0,0
2.4,55,0,3,--,4,False,True,False,--,0.562,-99.821,2.4,55.0,2.4,55.0,0.22,0.326,2.148,0.433,0.641,--,-130.907,130.907,-19.805,0.365,1.286,nan,nan,nan,nan,--,0.833,[0.999 0.704 1.    0.48  0.695 0.824 1.   ],[ 0.562 -0.999  0.004  0.236],[-100    0],--,1,0,0,0,0,0
2.4,55,0,4,--,4,False,True,False,--,0.52,-99.733,2.4,55.0,2.4,55.0,0.227,0.332,2.107,0.445,0.653,--,-136.474,136.474,-19.929,0.357,1.225,nan,nan,nan,nan,--,0.849,[0.998 0.682 1.    0.497 0.65  0.901 1.   ],[ 0.522 -0.996  0.006  0.239],[-100    0],--,1,0,0,0,0,0
2.4,65,0,0,--,0,False,True,False,--,0.526,-99.363,2.4,65.0,2.4,65.0,0.224,0.319,1.46,0.486,0.695,--,-132.524,132.524,-19.77,0.004,1.472,nan,nan,nan,nan,--,0.553,[0.993 0.692 1.    0.441 0.682 0.846 0.   ],[ 0.526 -0.992  0.007  0.21 ],[-100    0],--,0,0,0,0,1,0
2.4,65,0,1,--,0,False,True,False,--,0.564,-99.627,2.4,65.0,2.4,65.0,0.22,0.316,1.475,0.48,0.688,--,-129.523,129.523,-19.735,0.006,1.509,nan,nan,nan,nan,--,0.544,[0.999 0.703 1.    0.433 0.706 0.805 0.   ],[ 0.563 -0.995  0.005  0.194],[-100    0],--,0,0,0,0,1,0
2.4,65,0,2,--,0,False,True,False,--,0.51,-99.595,2.4,65.0,2.4,65.0,0.225,0.321,1.455,0.489,0.697,--,-134.02,134.02,-19.849,-0.003,1.462,nan,nan,nan,nan,--,0.352,[0.987 0.688 1.    0.445 0.67  0.125 0.   ],[ 0.512 -0.99   0.008  0.215],[-100    0],--,0,0,0,0,1,0
2.4,65,0,3,--,4,False,True,False,--,0.61,-99.565,2.4,65.0,2.4,65.0,0.217,0.312,1.492,0.472,0.68,--,-127.19,127.19,-19.658,0.011,1.534,nan,nan,nan,nan,--,0.815,[1.    0.716 1.    0.427 0.725 0.773 1.   ],[ 0.612 -0.995  0.005  0.159],[-100    0],--,1,0,0,0,0,0
2.4,65,0,4,--,4,False,True,False,--,0.618,-99.574,2.4,65.0,2.4,65.0,0.216,0.312,1.495,0.47,0.678,--,-127.214,127.214,-19.661,0.011,1.532,nan,nan,nan,nan,--,0.815,[1.    0.718 1.    0.427 0.724 0.773 1.   ],[ 0.62  -0.995  0.005  0.153],[-100    0],--,1,0,0,0,0,0
2.4,75,0,0,--,4,False,True,False,--,0.535,-98.036,2.4,75.0,2.4,75.0,0.221,0.311,0.861,0.513,0.721,--,-129.599,129.599,-19.534,-0.376,1.624,nan,nan,nan,nan,--,0.63,[1.    0.7   1.    0.396 0.706 0.132 1.   ],[ 0.544 -0.941  0.011  0.111],[-100    0],--,1,0,0,0,0,0
2.4,75,0,1,--,4,False,True,False,--,0.618,-98.24,2.4,75.0,2.4,75.0,0.22,0.31,0.865,0.51,0.718,--,-128.791,128.791,-19.547,-0.379,1.64,nan,nan,nan,nan,--,0.631,[0.999 0.705 1.    0.394 0.712 0.133 1.   ],[ 0.621 -0.963  0.009  0.086],[-100    0],--,1,0,0,0,0,0
2.4,75,0,2,--,4,False,True,False,--,0.659,-98.23,2.4,75.0,2.4,75.0,0.218,0.308,0.87,0.506,0.714,--,-127.675,127.675,-19.515,-0.377,1.652,nan,nan,nan,nan,--,0.632,[1.    0.711 1.    0.392 0.721 0.135 1.   ],[ 0.652 -0.968  0.008  0.075],[-100    0],--,1,0,0,0,0,0
2.4,75,0,3,--,4,False,True,False,--,0.636,-97.862,2.4,75.0,2.4,75.0,0.219,0.309,0.867,0.509,0.717,--,-128.354,128.354,-19.536,-0.38,1.637,nan,nan,nan,nan,--,0.632,[1.    0.707 1.    0.393 0.715 0.134 1.   ],[ 0.639 -0.967  0.008  0.081],[-100    0],--,1,0,0,0,0,0
2.4,75,0,4,--,4,False,True,False,--,0.649,-98.291,2.4,75.0,2.4,75.0,0.217,0.307,0.874,0.503,0.711,--,-126.652,126.652,-19.496,-0.375,1.664,nan,nan,nan,nan,--,0.634,[0.999 0.716 1.    0.389 0.729 0.137 1.   ],[ 0.651 -0.964  0.008  0.073],[-100    0],--,1,0,0,0,0,0
2.4,85,0,0,--,4,False,True,False,--,0.583,-79.96,2.4,85.0,2.4,85.0,0.212,0.299,0.293,0.507,0.715,--,-120.023,120.023,-17.334,-0.667,1.436,nan,nan,nan,nan,--,0.636,[1.    0.734 1.    0.337 0.779 0.147 1.   ],[ 0.576 -0.602  0.012  0.044],[-100    0],--,1,0,0,0,0,0
2.4,85,0,1,--,2,True,True,False,--,0.572,-78.285,2.4,85.0,2.4,85.0,0.208,0.295,0.297,0.497,0.705,--,-117.325,117.325,-17.044,-0.648,1.427,nan,nan,nan,nan,--,0.39,[0.999 0.749 1.    0.331 0.798 0.151 0.1  ],[ 0.576 -0.563  0.012  0.042],[-100    0],--,0,0,0,1,0,0
2.4,85,0,2,--,4,False,True,False,--,0.569,-78.331,2.4,85.0,2.4,85.0,0.209,0.296,0.295,0.5,0.708,--,-118.376,118.376,-17.085,-0.651,1.417,nan,nan,nan,nan,--,0.638,[0.997 0.744 1.    0.333 0.79  0.15  1.   ],[ 0.576 -0.578  0.012  0.042],[-100    0],--,1,0,0,0,0,0
2.4,85,0,3,--,4,False,True,False,--,0.575,-81.479,2.4,85.0,2.4,85.0,0.211,0.298,0.293,0.505,0.714,--,-119.418,119.418,-17.489,-0.674,1.476,nan,nan,nan,nan,--,0.637,[0.999 0.736 1.    0.336 0.783 0.148 1.   ],[ 0.576 -0.597  0.012  0.044],[-100    0],--,1,0,0,0,0,0
2.4,85,0,4,--,4,False,True,False,--,0.576,-77.018,2.4,85.0,2.4,85.0,0.211,0.298,0.294,0.504,0.712,--,-119.138,119.138,-16.961,-0.644,1.375,nan,nan,nan,nan,--,0.637,[1.    0.737 1.    0.334 0.785 0.148 1.   ],[ 0.576 -0.592  0.012  0.043],[-100    0],--,1,0,0,0,0,0
2.8,15,0,0,--,4,False,True,False,--,0.528,-99.896,2.8,15.0,2.8,15.0,0.202,0.489,7.625,0.147,0.355,--,-132.25,132.25,-19.86,1.683,0.04,nan,nan,nan,nan,--,0.904,[0.999 0.77  1.    0.96  0.684 0.843 1.   ],[ 0.524 -0.998  0.005  0.285],[-100    0],--,1,0,0,0,0,0
2.8,15,0,1,--,4,False,True,False,--,0.529,-99.888,2.8,15.0,2.8,15.0,0.202,0.489,7.63,0.146,0.354,--,-132.237,132.237,-19.858,1.683,0.04,nan,nan,nan,nan,--,0.904,[0.997 0.771 1.    0.96  0.684 0.843 1.   ],[ 0.525 -0.998  0.005  0.285],[-100    0],--,1,0,0,0,0,0
2.8,15,0,2,--,4,False,True,False,--,0.514,-99.933,2.8,15.0,2.8,15.0,0.205,0.492,7.584,0.149,0.357,--,-134.47,134.47,-19.852,1.686,0.018,nan,nan,nan,nan,--,0.911,[0.998 0.76  1.    0.97  0.666 0.873 1.   ],[ 0.512 -0.998  0.005  0.285],[-100    0],--,1,0,0,0,0,0
2.8,15,0,3,--,4,False,True,False,--,0.502,-99.911,2.8,15.0,2.8,15.0,0.206,0.493,7.569,0.149,0.357,--,-134.55,134.55,-19.921,1.677,0.019,nan,nan,nan,nan,--,0.911,[0.999 0.756 1.    0.97  0.666 0.874 1.   ],[ 0.497 -0.997  0.006  0.292],[-100    0],--,1,0,0,0,0,0
2.8,15,0,4,--,4,False,True,False,--,0.525,-99.966,2.8,15.0,2.8,15.0,0.201,0.488,7.645,0.146,0.354,--,-132.258,132.258,-19.804,1.689,0.042,nan,nan,nan,nan,--,0.904,[0.995 0.775 1.    0.96  0.684 0.843 1.   ],[ 0.527 -0.998  0.005  0.285],[-100    0],--,1,0,0,0,0,0
2.8,25,0,0,--,4,False,True,False,--,0.522,-99.775,2.8,25.0,2.8,25.0,0.212,0.388,5.534,0.25,0.459,--,-130.912,130.912,-19.802,1.521,0.509,nan,nan,nan,nan,--,0.888,[1.    0.735 1.    0.875 0.695 0.824 1.   ],[ 0.527 -0.998  0.005  0.265],[-100    0],--,1,0,0,0,0,0
2.8,25,0,1,--,4,False,True,False,--,0.536,-99.938,2.8,25.0,2.8,25.0,0.209,0.384,5.578,0.247,0.455,--,-128.804,128.804,-19.705,1.53,0.535,nan,nan,nan,nan,--,0.88,[0.995 0.746 1.    0.858 0.712 0.795 1.   ],[ 0.539 -0.998  0.004  0.265],[-100    0],--,1,0,0,0,0,0
2.8,25,0,2,--,4,False,True,False,--,0.532,-99.955,2.8,25.0,2.8,25.0,0.211,0.387,5.538,0.25,0.458,--,-131.097,131.097,-19.771,1.527,0.508,nan,nan,nan,nan,--,0.888,[0.998 0.736 1.    0.876 0.694 0.827 1.   ],[ 0.531 -0.998  0.005  0.265],[-100    0],--,1,0,0,0,0,0
2.8,25,0,3,--,4,False,True,False,--,0.545,-99.873,2.8,25.0,2.8,25.0,0.204,0.38,5.644,0.242,0.45,--,-126.519,126.519,-19.69,1.531,0.555,nan,nan,nan,nan,--,0.871,[0.999 0.763 1.    0.839 0.73  0.764 1.   ],[ 0.544 -0.998  0.004  0.267],[-100    0],--,1,0,0,0,0,0
2.8,25,0,4,--,4,False,True,False,--,0.548,-99.944,2.8,25.0,2.8,25.0,0.205,0.381,5.624,0.243,0.451,--,-126.616,126.616,-19.705,1.531,0.555,nan,nan,nan,nan,--,0.872,[1.    0.758 1.    0.84  0.729 0.765 1.   ],[ 0.543 -0.998  0.004  0.266],[-100    0],--,1,0,0,0,0,0
2.8,35,0,0,--,4,False,True,False,--,0.548,-99.969,2.8,35.0,2.8,35.0,0.214,0.343,4.16,0.343,0.551,--,-128.834,128.834,-19.71,1.287,0.957,nan,nan,nan,nan,--,0.863,[0.996 0.727 1.    0.737 0.712 0.796 1.   ],[ 0.55  -0.999  0.004  0.253],[-100    0],--,1,0,0,0,0,0
2.8,35,0,1,--,4,False,True,False,--,0.551,-99.905,2.8,35.0,2.8,35.0,0.212,0.341,4.185,0.34,0.548,--,-126.585,126.585,-19.699,1.284,0.983,nan,nan,nan,nan,--,0.854,[0.999 0.735 1.    0.713 0.729 0.765 1.   ],[ 0.553 -0.999  0.004  0.254],[-100    0],--,1,0,0,0,0,0
2.8,35,0,2,--,4,False,True,False,--,0.547,-99.928,2.8,35.0,2.8,35.0,0.213,0.343,4.167,0.342,0.55,--,-127.677,127.677,-19.672,1.286,0.974,nan,nan,nan,nan,--,0.858,[0.998 0.729 1.    0.724 0.721 0.78  1.   ],[ 0.551 -0.999  0.004  0.253],[-100    0],--,1,0,0,0,0,0
2.8,35,0,3,--,4,False,True,False,--,0.549,-99.915,2.8,35.0,2.8,35.0,0.213,0.342,4.172,0.342,0.55,--,-127.736,127.736,-19.736,1.281,0.971,nan,nan,nan,nan,--,0.858,[0.997 0.731 1.    0.725 0.72  0.781 1.   ],[ 0.552 -0.999  0.004  0.253],[-100    0],--,1,0,0,0,0,0
2.8,35,0,4,--,4,False,True,False,--,0.55,-99.881,2.8,35.0,2.8,35.0,0.211,0.341,4.189,0.339,0.548,--,-126.574,126.574,-19.696,1.284,0.982,nan,nan,nan,nan,--,0.854,[0.999 0.736 1.    0.713 0.729 0.765 1.   ],[ 0.553 -0.999  0.004  0.254],[-100    0],--,1,0,0,0,0,0
2.8,45,0,0,--,4,False,True,False,--,0.503,-99.421,2.8,45.0,2.8,45.0,0.228,0.333,3.0,0.452,0.66,--,-137.261,137.261,-19.9,0.953,1.238,nan,nan,nan,nan,--,0.877,[0.998 0.676 1.    0.679 0.643 0.912 1.   ],[ 0.499 -0.995  0.007  0.25 ],[-100    0],--,1,0,0,0,0,0
2.8,45,0,1,--,4,False,True,False,--,0.558,-99.927,2.8,45.0,2.8,45.0,0.22,0.325,3.079,0.435,0.643,--,-129.944,129.944,-19.737,0.967,1.324,nan,nan,nan,nan,--,0.847,[0.998 0.706 1.    0.606 0.703 0.811 1.   ],[ 0.559 -0.999  0.004  0.245],[-100    0],--,1,0,0,0,0,0
2.8,45,0,2,--,4,False,True,False,--,0.509,-99.603,2.8,45.0,2.8,45.0,0.228,0.333,3.006,0.451,0.659,--,-136.389,136.389,-19.912,0.951,1.253,nan,nan,nan,nan,--,0.873,[0.996 0.678 1.    0.669 0.65  0.9   1.   ],[ 0.507 -0.996  0.006  0.249],[-100    0],--,1,0,0,0,0,0
2.8,45,0,3,--,4,False,True,False,--,0.553,-99.818,2.8,45.0,2.8,45.0,0.224,0.329,3.04,0.443,0.651,--,-133.302,133.302,-19.875,0.952,1.291,nan,nan,nan,nan,--,0.861,[1.    0.691 1.    0.636 0.676 0.857 1.   ],[ 0.55  -0.998  0.004  0.244],[-100    0],--,1,0,0,0,0,0
2.8,45,0,4,--,4,False,True,False,--,0.555,-99.924,2.8,45.0,2.8,45.0,0.222,0.327,3.054,0.44,0.648,--,-132.231,132.231,-19.798,0.962,1.301,nan,nan,nan,nan,--,0.856,[0.999 0.696 1.    0.628 0.684 0.842 1.   ],[ 0.556 -0.999  0.004  0.244],[-100    0],--,1,0,0,0,0,0
2.8,55,0,0,--,4,False,True,False,--,0.561,-99.956,2.8,55.0,2.8,55.0,0.227,0.318,2.202,0.521,0.729,--,-134.555,134.555,-19.862,0.581,1.594,nan,nan,nan,nan,--,0.846,[1.    0.679 1.    0.506 0.665 0.874 1.   ],[ 0.561 -0.999  0.003  0.239],[-100    0],--,1,0,0,0,0,0
2.8,55,0,1,--,4,False,True,False,--,0.564,-99.954,2.8,55.0,2.8,55.0,0.224,0.315,2.221,0.515,0.723,--,-132.267,132.267,-19.804,0.587,1.615,nan,nan,nan,nan,--,0.838,[0.998 0.689 1.    0.495 0.684 0.843 1.   ],[ 0.564 -0.999  0.003  0.239],[-100    0],--,1,0,0,0,0,0
2.8,55,0,2,--,4,False,True,False,--,0.518,-99.711,2.8,55.0,2.8,55.0,0.232,0.322,2.172,0.531,0.739,--,-138.823,138.823,-19.984,0.576,1.537,nan,nan,nan,nan,--,0.863,[0.998 0.665 1.    0.548 0.63  0.933 1.   ],[ 0.515 -0.996  0.006  0.244],[-100    0],--,1,0,0,0,0,0
2.8,55,0,3,--,4,False,True,False,--,0.561,-99.93,2.8,55.0,2.8,55.0,0.226,0.317,2.209,0.519,0.727,--,-133.343,133.343,-19.825,0.587,1.602,nan,nan,nan,nan,--,0.841,[1.    0.683 1.    0.499 0.675 0.858 1.   ],[ 0.562 -0.999  0.003  0.239],[-100    0],--,1,0,0,0,0,0
2.8,55,0,4,--,4,False,True,False,--,0.567,-99.936,2.8,55.0,2.8,55.0,0.223,0.314,2.23,0.512,0.72,--,-131.094,131.094,-19.769,0.591,1.625,nan,nan,nan,nan,--,0.835,[0.998 0.693 1.    0.492 0.694 0.827 1.   ],[ 0.566 -0.999  0.003  0.239],[-100    0],--,1,0,0,0,0,0
2.8,65,0,0,--,0,False,True,False,--,0.555,-99.935,2.8,65.0,2.8,65.0,0.223,0.305,1.53,0.565,0.774,--,-129.974,129.974,-19.74,0.169,1.882,nan,nan,nan,nan,--,0.548,[0.994 0.695 1.    0.448 0.703 0.811 0.   ],[ 0.556 -0.998  0.004  0.236],[-100    0],--,0,0,0,0,1,0
2.8,65,0,1,--,0,False,True,False,--,0.549,-99.954,2.8,65.0,2.8,65.0,0.226,0.308,1.512,0.574,0.782,--,-133.39,133.39,-19.831,0.163,1.846,nan,nan,nan,nan,--,0.558,[0.987 0.683 1.    0.457 0.675 0.858 0.   ],[ 0.548 -0.998  0.004  0.248],[-100    0],--,0,0,0,0,1,0
2.8,65,0,2,--,0,False,True,False,--,0.527,-99.849,2.8,65.0,2.8,65.0,0.23,0.312,1.494,0.584,0.792,--,-136.768,136.768,-19.965,0.152,1.808,nan,nan,nan,nan,--,0.568,[0.989 0.67  1.    0.466 0.647 0.905 0.   ],[ 0.526 -0.997  0.006  0.254],[-100    0],--,0,0,0,0,1,0
2.8,65,0,3,--,0,False,True,False,--,0.556,-99.934,2.8,65.0,2.8,65.0,0.224,0.306,1.522,0.569,0.777,--,-131.091,131.091,-19.769,0.169,1.868,nan,nan,nan,nan,--,0.551,[0.997 0.69  1.    0.451 0.694 0.827 0.   ],[ 0.553 -0.998  0.004  0.241],[-100    0],--,0,0,0,0,1,0
2.8,65,0,4,--,0,False,True,False,--,0.531,-99.97,2.8,65.0,2.8,65.0,0.229,0.311,1.498,0.582,0.79,--,-135.682,135.682,-19.889,0.158,1.824,nan,nan,nan,nan,--,0.565,[0.991 0.673 1.    0.463 0.656 0.89  0.   ],[ 0.536 -0.998  0.005  0.253],[-100    0],--,0,0,0,0,1,0
2.8,75,0,0,--,4,False,True,False,--,0.671,-99.619,2.8,75.0,2.8,75.0,0.222,0.299,0.896,0.6,0.809,--,-128.501,128.501,-19.712,-0.29,2.061,nan,nan,nan,nan,--,0.633,[0.999 0.698 1.    0.407 0.714 0.134 1.   ],[ 0.673 -0.991  0.006  0.104],[-100    0],--,1,0,0,0,0,0
2.8,75,0,1,--,4,False,True,False,--,0.669,-99.41,2.8,75.0,2.8,75.0,0.223,0.3,0.895,0.602,0.81,--,-129.34,129.34,-19.701,-0.29,2.049,nan,nan,nan,nan,--,0.632,[0.999 0.696 1.    0.409 0.708 0.133 1.   ],[ 0.667 -0.991  0.006  0.108],[-100    0],--,1,0,0,0,0,0
2.8,75,0,2,--,4,False,True,False,--,0.682,-99.668,2.8,75.0,2.8,75.0,0.222,0.299,0.897,0.599,0.807,--,-128.582,128.582,-19.724,-0.295,2.067,nan,nan,nan,nan,--,0.633,[0.999 0.699 1.    0.407 0.714 0.134 1.   ],[ 0.677 -0.991  0.006  0.101],[-100    0],--,1,0,0,0,0,0
2.8,75,0,3,--,4,False,True,False,--,0.678,-99.686,2.8,75.0,2.8,75.0,0.222,0.299,0.897,0.6,0.808,--,-128.645,128.645,-19.731,-0.296,2.067,nan,nan,nan,nan,--,0.633,[0.999 0.698 1.    0.407 0.713 0.134 1.   ],[ 0.675 -0.991  0.006  0.102],[-100    0],--,1,0,0,0,0,0
2.8,75,0,4,--,0,False,True,False,--,0.556,-99.22,2.8,75.0,2.8,75.0,0.227,0.304,0.882,0.614,0.822,--,-132.512,132.512,-19.757,-0.301,2.022,nan,nan,nan,nan,--,0.35,[0.989 0.681 1.    0.417 0.682 0.128 0.   ],[ 0.556 -0.987  0.009  0.173],[-100    0],--,0,0,0,0,1,0
2.8,85,0,0,--,4,False,True,False,--,0.599,-93.365,2.8,85.0,2.8,85.0,0.221,0.295,0.296,0.616,0.824,--,-125.547,125.547,-18.943,-0.731,2.068,nan,nan,nan,nan,--,0.632,[0.999 0.702 1.    0.367 0.737 0.138 1.   ],[ 0.603 -0.874  0.011  0.063],[-100    0],--,1,0,0,0,0,0
2.8,85,0,1,--,2,True,True,False,--,0.599,-91.981,2.8,85.0,2.8,85.0,0.217,0.291,0.3,0.605,0.813,--,-122.545,122.545,-18.73,-0.718,2.074,nan,nan,nan,nan,--,0.386,[0.986 0.716 1.    0.36  0.76  0.143 0.1  ],[ 0.596 -0.816  0.012  0.057],[-100    0],--,0,0,0,1,0,0
2.8,85,0,2,--,2,True,True,False,--,0.598,-90.586,2.8,85.0,2.8,85.0,0.215,0.289,0.302,0.599,0.807,--,-120.602,120.602,-18.49,-0.702,2.069,nan,nan,nan,nan,--,0.388,[0.987 0.723 1.    0.355 0.774 0.146 0.1  ],[ 0.593 -0.778  0.012  0.053],[-100    0],--,0,0,0,1,0,0
2.8,85,0,3,--,2,True,True,False,--,0.598,-90.437,2.8,85.0,2.8,85.0,0.217,0.291,0.3,0.604,0.812,--,-121.489,121.489,-18.547,-0.709,2.057,nan,nan,nan,nan,--,0.387,[0.992 0.717 1.    0.357 0.768 0.145 0.1  ],[ 0.596 -0.811  0.012  0.056],[-100    0],--,0,0,0,1,0,0
2.8,85,0,4,--,4,False,True,False,--,0.565,-93.039,2.8,85.0,2.8,85.0,0.222,0.296,0.295,0.619,0.827,--,-126.247,126.247,-18.968,-0.738,2.059,nan,nan,nan,nan,--,0.631,[1.    0.698 1.    0.368 0.732 0.137 1.   ],[ 0.58  -0.861  0.012  0.069],[-100    0],--,1,0,0,0,0,0
3.2,15,0,0,--,4,False,True,False,--,0.525,-99.881,3.2,15.0,3.2,15.0,0.201,0.452,8.248,0.167,0.375,--,-127.768,127.768,-19.677,2.071,0.211,nan,nan,nan,nan,--,0.88,[0.999 0.774 0.951 0.924 0.72  0.781 1.   ],[ 0.526 -0.998  0.004  0.293],[-100    0],--,1,0,0,0,0,0
3.2,15,0,1,--,4,False,True,False,--,0.525,-99.958,3.2,15.0,3.2,15.0,0.202,0.454,8.227,0.168,0.376,--,-128.983,128.983,-19.723,2.071,0.193,nan,nan,nan,nan,--,0.888,[0.998 0.769 0.977 0.932 0.71  0.798 1.   ],[ 0.523 -0.998  0.004  0.296],[-100    0],--,1,0,0,0,0,0
3.2,15,0,2,--,4,False,True,False,--,0.512,-99.956,3.2,15.0,3.2,15.0,0.204,0.456,8.191,0.169,0.377,--,-130.086,130.086,-19.752,2.07,0.181,nan,nan,nan,nan,--,0.895,[0.997 0.762 1.    0.938 0.702 0.813 1.   ],[ 0.518 -0.999  0.004  0.303],[-100    0],--,1,0,0,0,0,0
3.2,15,0,3,--,4,False,True,False,--,0.533,-99.945,3.2,15.0,3.2,15.0,0.198,0.449,8.307,0.164,0.372,--,-127.797,127.797,-19.685,2.076,0.204,nan,nan,nan,nan,--,0.874,[0.999 0.786 0.904 0.925 0.72  0.781 1.   ],[ 0.531 -0.999  0.004  0.294],[-100    0],--,1,0,0,0,0,0
3.2,15,0,4,--,4,False,True,False,--,0.521,-99.893,3.2,15.0,3.2,15.0,0.202,0.453,8.231,0.167,0.376,--,-129.983,129.983,-19.738,2.073,0.178,nan,nan,nan,nan,--,0.891,[0.996 0.77  0.978 0.938 0.703 0.812 1.   ],[ 0.524 -0.998  0.004  0.294],[-100    0],--,1,0,0,0,0,0
3.2,25,0,0,--,4,False,True,False,--,0.527,-99.676,3.2,25.0,3.2,25.0,0.214,0.368,5.827,0.29,0.498,--,-129.742,129.742,-19.759,1.879,0.7,nan,nan,nan,nan,--,0.882,[0.997 0.726 1.    0.856 0.704 0.808 1.   ],[ 0.531 -0.998  0.004  0.269],[-100    0],--,1,0,0,0,0,0
3.2,25,0,1,--,4,False,True,False,--,0.532,-99.919,3.2,25.0,3.2,25.0,0.214,0.368,5.828,0.29,0.498,--,-129.995,129.995,-19.741,1.883,0.702,nan,nan,nan,nan,--,0.883,[0.996 0.726 1.    0.858 0.702 0.812 1.   ],[ 0.531 -0.998  0.004  0.268],[-100    0],--,1,0,0,0,0,0
3.2,25,0,2,--,4,False,True,False,--,0.525,-99.938,3.2,25.0,3.2,25.0,0.214,0.368,5.825,0.29,0.498,--,-130.022,130.022,-19.745,1.883,0.701,nan,nan,nan,nan,--,0.883,[0.996 0.725 1.    0.858 0.702 0.812 1.   ],[ 0.529 -0.998  0.004  0.269],[-100    0],--,1,0,0,0,0,0
3.2,25,0,3,--,4,False,True,False,--,0.504,-99.892,3.2,25.0,3.2,25.0,0.216,0.37,5.791,0.293,0.501,--,-132.208,132.208,-19.794,1.882,0.672,nan,nan,nan,nan,--,0.891,[0.998 0.717 1.    0.875 0.685 0.842 1.   ],[ 0.5   -0.997  0.006  0.272],[-100    0],--,1,0,0,0,0,0
3.2,25,0,4,--,4,False,True,False,--,0.518,-99.932,3.2,25.0,3.2,25.0,0.215,0.369,5.811,0.291,0.499,--,-131.105,131.105,-19.77,1.882,0.688,nan,nan,nan,nan,--,0.887,[0.998 0.722 1.    0.867 0.694 0.827 1.   ],[ 0.518 -0.998  0.005  0.27 ],[-100    0],--,1,0,0,0,0,0
3.2,35,0,0,--,4,False,True,False,--,0.539,-99.803,3.2,35.0,3.2,35.0,0.223,0.336,4.246,0.409,0.617,--,-133.281,133.281,-19.872,1.595,1.143,nan,nan,nan,nan,--,0.88,[0.999 0.694 1.    0.778 0.676 0.857 1.   ],[ 0.531 -0.998  0.005  0.256],[-100    0],--,1,0,0,0,0,0
3.2,35,0,1,--,4,False,True,False,--,0.554,-99.941,3.2,35.0,3.2,35.0,0.218,0.331,4.315,0.399,0.607,--,-128.846,128.846,-19.709,1.61,1.192,nan,nan,nan,nan,--,0.863,[0.998 0.713 1.    0.738 0.712 0.796 1.   ],[ 0.552 -0.999  0.004  0.256],[-100    0],--,1,0,0,0,0,0
3.2,35,0,2,--,4,False,True,False,--,0.539,-99.828,3.2,35.0,3.2,35.0,0.223,0.336,4.25,0.409,0.617,--,-132.182,132.182,-19.848,1.596,1.157,nan,nan,nan,nan,--,0.876,[1.    0.695 1.    0.768 0.685 0.842 1.   ],[ 0.534 -0.998  0.004  0.256],[-100    0],--,1,0,0,0,0,0
3.2,35,0,3,--,4,False,True,False,--,0.536,-99.855,3.2,35.0,3.2,35.0,0.222,0.336,4.254,0.408,0.616,--,-132.244,132.244,-19.856,1.593,1.16,nan,nan,nan,nan,--,0.876,[0.997 0.696 1.    0.767 0.684 0.843 1.   ],[ 0.537 -0.998  0.004  0.256],[-100    0],--,1,0,0,0,0,0
3.2,35,0,4,--,4,False,True,False,--,0.55,-99.931,3.2,35.0,3.2,35.0,0.217,0.331,4.319,0.399,0.607,--,-128.886,128.886,-19.712,1.606,1.196,nan,nan,nan,nan,--,0.863,[0.999 0.714 1.    0.737 0.711 0.796 1.   ],[ 0.552 -0.999  0.004  0.256],[-100    0],--,1,0,0,0,0,0
3.2,45,0,0,--,4,False,True,False,--,0.506,-99.423,3.2,45.0,3.2,45.0,0.232,0.324,3.087,0.525,0.733,--,-138.453,138.453,-19.929,1.228,1.517,nan,nan,nan,nan,--,0.883,[0.995 0.664 1.    0.7   0.633 0.928 1.   ],[ 0.497 -0.996  0.006  0.254],[-100    0],--,1,0,0,0,0,0
3.2,45,0,1,--,4,False,True,False,--,0.544,-99.836,3.2,45.0,3.2,45.0,0.228,0.32,3.127,0.515,0.724,--,-134.517,134.517,-19.912,1.23,1.564,nan,nan,nan,nan,--,0.867,[1.    0.678 1.    0.661 0.666 0.874 1.   ],[ 0.546 -0.999  0.004  0.249],[-100    0],--,1,0,0,0,0,0
3.2,45,0,2,--,4,False,True,False,--,0.537,-99.944,3.2,45.0,3.2,45.0,0.229,0.32,3.12,0.517,0.725,--,-135.715,135.715,-19.889,1.234,1.553,nan,nan,nan,nan,--,0.872,[1.    0.675 1.    0.673 0.656 0.89  1.   ],[ 0.539 -0.998  0.004  0.25 ],[-100    0],--,1,0,0,0,0,0
3.2,45,0,3,--,4,False,True,False,--,0.542,-99.868,3.2,45.0,3.2,45.0,0.228,0.32,3.124,0.516,0.724,--,-135.606,135.606,-19.874,1.234,1.554,nan,nan,nan,nan,--,0.871,[0.998 0.677 1.    0.673 0.657 0.889 1.   ],[ 0.543 -0.998  0.004  0.249],[-100    0],--,1,0,0,0,0,0
3.2,45,0,4,--,4,False,True,False,--,0.545,-99.956,3.2,45.0,3.2,45.0,0.228,0.32,3.122,0.517,0.725,--,-135.731,135.731,-19.892,1.233,1.554,nan,nan,nan,nan,--,0.872,[0.995 0.676 1.    0.673 0.656 0.891 1.   ],[ 0.541 -0.998  0.004  0.249],[-100    0],--,1,0,0,0,0,0
3.2,55,0,0,--,4,False,True,False,--,0.53,-99.865,3.2,55.0,3.2,55.0,0.235,0.314,2.228,0.616,0.824,--,-140.153,140.153,-19.971,0.799,1.868,nan,nan,nan,nan,--,0.871,[0.997 0.654 1.    0.582 0.619 0.951 1.   ],[ 0.529 -0.998  0.005  0.247],[-100    0],--,1,0,0,0,0,0
3.2,55,0,1,--,4,False,True,False,--,0.565,-99.951,3.2,55.0,3.2,55.0,0.228,0.308,2.276,0.599,0.807,--,-134.608,134.608,-19.866,0.807,1.925,nan,nan,nan,nan,--,0.849,[0.997 0.676 1.    0.53  0.665 0.875 1.   ],[ 0.567 -0.999  0.003  0.243],[-100    0],--,1,0,0,0,0,0
3.2,55,0,2,--,4,False,True,False,--,0.518,-99.915,3.2,55.0,3.2,55.0,0.236,0.315,2.221,0.618,0.827,--,-141.373,141.373,-20.004,0.798,1.855,nan,nan,nan,nan,--,0.875,[0.998 0.651 1.    0.593 0.608 0.968 1.   ],[ 0.517 -0.997  0.005  0.248],[-100    0],--,1,0,0,0,0,0
3.2,55,0,3,--,4,False,True,False,--,0.543,-99.968,3.2,55.0,3.2,55.0,0.233,0.313,2.238,0.612,0.82,--,-139.161,139.161,-19.969,0.801,1.877,nan,nan,nan,nan,--,0.867,[0.997 0.659 1.    0.573 0.627 0.938 1.   ],[ 0.544 -0.998  0.004  0.245],[-100    0],--,1,0,0,0,0,0
3.2,55,0,4,--,4,False,True,False,--,0.563,-99.942,3.2,55.0,3.2,55.0,0.231,0.311,2.253,0.607,0.815,--,-136.829,136.829,-19.913,0.806,1.899,nan,nan,nan,nan,--,0.858,[1.    0.666 1.    0.552 0.647 0.906 1.   ],[ 0.564 -0.999  0.003  0.242],[-100    0],--,1,0,0,0,0,0
3.2,65,0,0,--,4,False,True,False,--,0.516,-99.78,3.2,65.0,3.2,65.0,0.239,0.311,1.499,0.694,0.902,--,-144.73,144.73,-20.118,0.308,2.094,nan,nan,nan,nan,--,0.865,[1.    0.64  1.    0.498 0.58  0.993 1.   ],[ 0.513 -0.997  0.006  0.251],[-100    0],--,1,0,0,0,0,0
3.2,65,0,1,--,0,False,True,False,--,0.57,-99.967,3.2,65.0,3.2,65.0,0.23,0.302,1.545,0.667,0.875,--,-134.602,134.602,-19.867,0.325,2.203,nan,nan,nan,nan,--,0.563,[0.999 0.67  1.    0.47  0.665 0.875 0.   ],[ 0.569 -0.999  0.003  0.245],[-100    0],--,0,0,0,0,1,0
3.2,65,0,2,--,4,False,True,False,--,0.508,-99.706,3.2,65.0,3.2,65.0,0.24,0.311,1.498,0.695,0.903,--,-144.613,144.613,-20.103,0.308,2.095,nan,nan,nan,nan,--,0.865,[1.    0.639 1.    0.498 0.581 0.994 1.   ],[ 0.509 -0.996  0.006  0.252],[-100    0],--,1,0,0,0,0,0
3.2,65,0,3,--,0,False,True,False,--,0.565,-99.897,3.2,65.0,3.2,65.0,0.233,0.305,1.528,0.677,0.885,--,-139.051,139.051,-19.954,0.321,2.153,nan,nan,nan,nan,--,0.576,[0.998 0.659 1.    0.482 0.628 0.936 0.   ],[ 0.566 -0.999  0.003  0.245],[-100    0],--,0,0,0,0,1,0
3.2,65,0,4,--,0,False,True,False,--,0.555,-99.922,3.2,65.0,3.2,65.0,0.235,0.307,1.519,0.682,0.89,--,-140.221,140.221,-19.981,0.32,2.141,nan,nan,nan,nan,--,0.58,[0.995 0.653 1.    0.486 0.618 0.952 0.   ],[ 0.556 -0.999  0.004  0.246],[-100    0],--,0,0,0,0,1,0
3.2,75,0,0,--,0,False,True,False,--,0.51,-99.915,3.2,75.0,3.2,75.0,0.232,0.3,0.894,0.718,0.927,--,-136.774,136.774,-19.906,-0.199,2.367,nan,nan,nan,nan,--,0.346,[0.998 0.662 1.    0.439 0.647 0.121 0.   ],[ 0.517 -0.997  0.007  0.265],[-100    0],--,0,0,0,0,1,0
3.2,75,0,1,--,4,False,True,False,--,0.662,-99.897,3.2,75.0,3.2,75.0,0.226,0.293,0.914,0.698,0.906,--,-131.068,131.068,-19.764,-0.191,2.429,nan,nan,nan,nan,--,0.631,[1.    0.684 1.    0.424 0.694 0.13  1.   ],[ 0.657 -0.998  0.005  0.169],[-100    0],--,1,0,0,0,0,0
3.2,75,0,2,--,0,False,True,False,--,0.609,-99.904,3.2,75.0,3.2,75.0,0.229,0.296,0.904,0.708,0.916,--,-133.37,133.37,-19.826,-0.196,2.406,nan,nan,nan,nan,--,0.351,[0.997 0.674 1.    0.43  0.675 0.126 0.   ],[ 0.608 -0.998  0.005  0.204],[-100    0],--,0,0,0,0,1,0
3.2,75,0,3,--,4,False,True,False,--,0.687,-99.919,3.2,75.0,3.2,75.0,0.224,0.291,0.92,0.692,0.9,--,-128.888,128.888,-19.711,-0.189,2.455,nan,nan,nan,nan,--,0.634,[0.998 0.691 1.    0.418 0.711 0.133 1.   ],[ 0.686 -0.998  0.005  0.149],[-100    0],--,1,0,0,0,0,0
3.2,75,0,4,--,0,False,True,False,--,0.588,-99.926,3.2,75.0,3.2,75.0,0.23,0.298,0.901,0.712,0.92,--,-134.565,134.565,-19.86,-0.199,2.394,nan,nan,nan,nan,--,0.349,[0.996 0.67  1.    0.433 0.665 0.124 0.   ],[ 0.586 -0.998  0.006  0.221],[-100    0],--,0,0,0,0,1,0
3.2,85,0,0,--,4,False,True,False,--,0.544,-98.033,3.2,85.0,3.2,85.0,0.23,0.296,0.296,0.735,0.943,--,-134.239,134.239,-19.66,-0.738,2.459,nan,nan,nan,nan,--,0.623,[0.997 0.669 1.    0.399 0.668 0.125 1.   ],[ 0.565 -0.962  0.012  0.122],[-100    0],--,1,0,0,0,0,0
3.2,85,0,1,--,4,False,True,False,--,0.538,-98.093,3.2,85.0,3.2,85.0,0.231,0.296,0.295,0.737,0.945,--,-134.298,134.298,-19.67,-0.739,2.461,nan,nan,nan,nan,--,0.623,[0.999 0.666 1.    0.399 0.668 0.125 1.   ],[ 0.541 -0.957  0.013  0.132],[-100    0],--,1,0,0,0,0,0
3.2,85,0,2,--,4,False,True,False,--,0.592,-98.358,3.2,85.0,3.2,85.0,0.23,0.295,0.297,0.732,0.94,--,-133.574,133.574,-19.7,-0.741,2.472,nan,nan,nan,nan,--,0.624,[1.    0.672 1.    0.397 0.674 0.126 1.   ],[ 0.592 -0.968  0.011  0.111],[-100    0],--,1,0,0,0,0,0
3.2,85,0,3,--,2,True,True,False,--,0.646,-97.942,3.2,85.0,3.2,85.0,0.223,0.288,0.303,0.711,0.919,--,-127.378,127.378,-19.465,-0.725,2.533,nan,nan,nan,nan,--,0.381,[0.993 0.694 1.    0.382 0.723 0.136 0.1  ],[ 0.641 -0.962  0.009  0.079],[-100    0],--,0,0,0,1,0,0
3.2,85,0,4,--,2,True,True,False,--,0.656,-97.878,3.2,85.0,3.2,85.0,0.224,0.289,0.302,0.714,0.922,--,-128.393,128.393,-19.482,-0.725,2.52,nan,nan,nan,nan,--,0.38,[0.99  0.691 1.    0.385 0.715 0.134 0.1  ],[ 0.643 -0.967  0.009  0.081],[-100    0],--,0,0,0,1,0,0
3.6,15,0,0,--,4,False,True,False,--,0.513,-99.935,3.6,15.0,3.6,15.0,0.209,0.432,8.634,0.195,0.403,--,-131.18,131.18,-19.777,2.454,0.274,nan,nan,nan,nan,--,0.897,[0.995 0.745 1.    0.937 0.693 0.828 1.   ],[ 0.515 -0.999  0.004  0.329],[-100    0],--,1,0,0,0,0,0
3.6,15,0,1,--,4,False,True,False,--,0.527,-99.931,3.6,15.0,3.6,15.0,0.205,0.428,8.721,0.191,0.399,--,-128.918,128.918,-19.715,2.458,0.299,nan,nan,nan,nan,--,0.884,[0.999 0.761 0.957 0.925 0.711 0.797 1.   ],[ 0.527 -0.999  0.004  0.316],[-100    0],--,1,0,0,0,0,0
3.6,15,0,2,--,4,False,True,False,--,0.501,-99.937,3.6,15.0,3.6,15.0,0.212,0.435,8.579,0.197,0.405,--,-132.331,132.331,-19.808,2.449,0.266,nan,nan,nan,nan,--,0.901,[0.996 0.735 1.    0.943 0.684 0.844 1.   ],[ 0.499 -0.999  0.004  0.339],[-100    0],--,1,0,0,0,0,0
3.6,15,0,3,--,4,False,True,False,--,0.504,-99.928,3.6,15.0,3.6,15.0,0.211,0.435,8.588,0.197,0.405,--,-131.216,131.216,-19.78,2.45,0.279,nan,nan,nan,nan,--,0.897,[1.    0.736 1.    0.937 0.693 0.828 1.   ],[ 0.505 -0.999  0.004  0.337],[-100    0],--,1,0,0,0,0,0
3.6,15,0,4,--,4,False,True,False,--,0.533,-99.941,3.6,15.0,3.6,15.0,0.203,0.426,8.757,0.189,0.397,--,-127.839,127.839,-19.688,2.456,0.316,nan,nan,nan,nan,--,0.875,[1.    0.768 0.925 0.918 0.72  0.782 1.   ],[ 0.53  -0.999  0.004  0.311],[-100    0],--,1,0,0,0,0,0
3.6,25,0,0,--,4,False,True,False,--,0.541,-99.867,3.6,25.0,3.6,25.0,0.216,0.353,6.084,0.328,0.536,--,-128.873,128.873,-19.706,2.241,0.891,nan,nan,nan,nan,--,0.878,[0.999 0.72  1.    0.843 0.711 0.796 1.   ],[ 0.537 -0.999  0.004  0.271],[-100    0],--,1,0,0,0,0,0
3.6,25,0,1,--,4,False,True,False,--,0.543,-99.911,3.6,25.0,3.6,25.0,0.211,0.348,6.161,0.321,0.53,--,-126.661,126.661,-19.648,2.249,0.911,nan,nan,nan,nan,--,0.869,[0.994 0.736 1.    0.826 0.729 0.766 1.   ],[ 0.542 -0.999  0.004  0.273],[-100    0],--,1,0,0,0,0,0
3.6,25,0,2,--,4,False,True,False,--,0.517,-99.736,3.6,25.0,3.6,25.0,0.218,0.355,6.043,0.332,0.54,--,-130.985,130.985,-19.805,2.235,0.862,nan,nan,nan,nan,--,0.886,[1.    0.711 1.    0.86  0.695 0.825 1.   ],[ 0.517 -0.998  0.005  0.273],[-100    0],--,1,0,0,0,0,0
3.6,25,0,3,--,4,False,True,False,--,0.539,-99.941,3.6,25.0,3.6,25.0,0.212,0.348,6.157,0.322,0.53,--,-126.668,126.668,-19.651,2.248,0.913,nan,nan,nan,nan,--,0.869,[0.997 0.735 1.    0.826 0.729 0.766 1.   ],[ 0.542 -0.999  0.004  0.273],[-100    0],--,1,0,0,0,0,0
3.6,25,0,4,--,4,False,True,False,--,0.537,-99.871,3.6,25.0,3.6,25.0,0.214,0.351,6.113,0.326,0.534,--,-127.708,127.708,-19.671,2.246,0.9,nan,nan,nan,nan,--,0.873,[0.997 0.726 1.    0.835 0.721 0.78  1.   ],[ 0.539 -0.999  0.004  0.272],[-100    0],--,1,0,0,0,0,0
3.6,35,0,0,--,4,False,True,False,--,0.55,-99.936,3.6,35.0,3.6,35.0,0.221,0.322,4.441,0.456,0.664,--,-130.065,130.065,-19.748,1.927,1.419,nan,nan,nan,nan,--,0.867,[0.996 0.702 1.    0.749 0.702 0.813 1.   ],[ 0.553 -0.999  0.004  0.259],[-100    0],--,1,0,0,0,0,0
3.6,35,0,1,--,4,False,True,False,--,0.553,-99.962,3.6,35.0,3.6,35.0,0.221,0.322,4.439,0.456,0.664,--,-130.09,130.09,-19.753,1.928,1.418,nan,nan,nan,nan,--,0.868,[0.996 0.701 1.    0.749 0.702 0.813 1.   ],[ 0.553 -0.999  0.004  0.259],[-100    0],--,1,0,0,0,0,0
3.6,35,0,2,--,4,False,True,False,--,0.537,-99.943,3.6,35.0,3.6,35.0,0.225,0.326,4.38,0.465,0.673,--,-133.459,133.459,-19.837,1.922,1.382,nan,nan,nan,nan,--,0.881,[0.997 0.686 1.    0.779 0.674 0.859 1.   ],[ 0.537 -0.998  0.004  0.26 ],[-100    0],--,1,0,0,0,0,0
3.6,35,0,3,--,4,False,True,False,--,0.547,-99.943,3.6,35.0,3.6,35.0,0.22,0.321,4.453,0.454,0.662,--,-128.937,128.937,-19.718,1.931,1.428,nan,nan,nan,nan,--,0.863,[0.998 0.705 1.    0.739 0.711 0.797 1.   ],[ 0.554 -0.999  0.004  0.259],[-100    0],--,1,0,0,0,0,0
3.6,35,0,4,--,4,False,True,False,--,0.551,-99.943,3.6,35.0,3.6,35.0,0.224,0.325,4.395,0.463,0.671,--,-132.308,132.308,-19.807,1.924,1.393,nan,nan,nan,nan,--,0.876,[0.998 0.69  1.    0.769 0.684 0.843 1.   ],[ 0.549 -0.999  0.004  0.258],[-100    0],--,1,0,0,0,0,0
3.6,45,0,0,--,4,False,True,False,--,0.513,-99.889,3.6,45.0,3.6,45.0,0.235,0.317,3.159,0.598,0.806,--,-140.195,140.195,-19.977,1.51,1.791,nan,nan,nan,nan,--,0.89,[0.998 0.654 1.    0.723 0.618 0.952 1.   ],[ 0.51  -0.997  0.005  0.257],[-100    0],--,1,0,0,0,0,0
3.6,45,0,1,--,4,False,True,False,--,0.545,-99.946,3.6,45.0,3.6,45.0,0.232,0.314,3.189,0.59,0.798,--,-138.01,138.01,-19.942,1.511,1.815,nan,nan,nan,nan,--,0.882,[0.997 0.664 1.    0.703 0.637 0.922 1.   ],[ 0.544 -0.999  0.004  0.253],[-100    0],--,1,0,0,0,0,0
3.6,45,0,2,--,4,False,True,False,--,0.567,-99.98,3.6,45.0,3.6,45.0,0.227,0.308,3.244,0.577,0.785,--,-132.389,132.389,-19.817,1.519,1.875,nan,nan,nan,nan,--,0.86,[0.998 0.682 1.    0.651 0.683 0.845 1.   ],[ 0.562 -0.999  0.003  0.252],[-100    0],--,1,0,0,0,0,0
3.6,45,0,3,--,4,False,True,False,--,0.518,-99.562,3.6,45.0,3.6,45.0,0.234,0.316,3.168,0.596,0.804,--,-139.852,139.852,-19.987,1.505,1.79,nan,nan,nan,nan,--,0.889,[0.998 0.657 1.    0.719 0.621 0.947 1.   ],[ 0.521 -0.998  0.005  0.256],[-100    0],--,1,0,0,0,0,0
3.6,45,0,4,--,4,False,True,False,--,0.563,-99.965,3.6,45.0,3.6,45.0,0.226,0.308,3.252,0.575,0.783,--,-132.358,132.358,-19.813,1.521,1.874,nan,nan,nan,nan,--,0.86,[0.999 0.685 1.    0.651 0.683 0.844 1.   ],[ 0.563 -0.999  0.003  0.252],[-100    0],--,1,0,0,0,0,0
3.6,55,0,0,--,4,False,True,False,--,0.553,-99.94,3.6,55.0,3.6,55.0,0.237,0.308,2.277,0.699,0.907,--,-141.435,141.435,-20.012,1.026,2.184,nan,nan,nan,nan,--,0.878,[1.    0.647 1.    0.61  0.608 0.969 1.   ],[ 0.555 -0.999  0.003  0.248],[-100    0],--,1,0,0,0,0,0
3.6,55,0,1,--,4,False,True,False,--,0.524,-99.927,3.6,55.0,3.6,55.0,0.239,0.31,2.261,0.705,0.913,--,-144.848,144.848,-20.073,1.023,2.147,nan,nan,nan,nan,--,0.884,[0.996 0.641 1.    0.642 0.578 0.992 1.   ],[ 0.533 -0.998  0.004  0.25 ],[-100    0],--,1,0,0,0,0,0
3.6,55,0,2,--,4,False,True,False,--,0.514,-99.802,3.6,55.0,3.6,55.0,0.24,0.311,2.252,0.709,0.917,--,-145.906,145.906,-20.143,1.019,2.131,nan,nan,nan,nan,--,0.882,[0.999 0.637 1.    0.651 0.569 0.985 1.   ],[ 0.521 -0.998  0.005  0.252],[-100    0],--,1,0,0,0,0,0
3.6,55,0,3,--,4,False,True,False,--,0.564,-99.97,3.6,55.0,3.6,55.0,0.235,0.306,2.288,0.694,0.902,--,-140.313,140.313,-19.993,1.029,2.193,nan,nan,nan,nan,--,0.874,[0.998 0.652 1.    0.6   0.617 0.954 1.   ],[ 0.566 -0.999  0.003  0.246],[-100    0],--,1,0,0,0,0,0
3.6,55,0,4,--,4,False,True,False,--,0.539,-99.946,3.6,55.0,3.6,55.0,0.239,0.309,2.265,0.703,0.911,--,-143.704,143.704,-20.054,1.026,2.157,nan,nan,nan,nan,--,0.887,[0.998 0.642 1.    0.632 0.588 1.    1.   ],[ 0.539 -0.999  0.004  0.25 ],[-100    0],--,1,0,0,0,0,0
3.6,65,0,0,--,4,False,True,False,--,0.574,-99.982,3.6,65.0,3.6,65.0,0.24,0.303,1.537,0.782,0.99,--,-144.899,144.899,-20.081,0.482,2.458,nan,nan,nan,nan,--,0.867,[0.999 0.639 1.    0.518 0.578 0.992 1.   ],[ 0.573 -0.999  0.003  0.243],[-100    0],--,1,0,0,0,0,0
3.6,65,0,1,--,4,False,True,False,--,0.577,-99.96,3.6,65.0,3.6,65.0,0.239,0.302,1.542,0.778,0.986,--,-143.715,143.715,-20.056,0.482,2.472,nan,nan,nan,nan,--,0.869,[0.999 0.642 1.    0.508 0.588 1.    1.   ],[ 0.574 -0.999  0.003  0.243],[-100    0],--,1,0,0,0,0,0
3.6,65,0,2,--,4,False,True,False,--,0.566,-99.973,3.6,65.0,3.6,65.0,0.241,0.305,1.529,0.787,0.995,--,-146.031,146.031,-20.099,0.481,2.447,nan,nan,nan,nan,--,0.865,[0.999 0.634 1.    0.529 0.568 0.984 1.   ],[ 0.565 -0.999  0.003  0.243],[-100    0],--,1,0,0,0,0,0
3.6,65,0,3,--,4,False,True,False,--,0.572,-99.929,3.6,65.0,3.6,65.0,0.239,0.303,1.538,0.781,0.989,--,-143.674,143.674,-20.05,0.481,2.474,nan,nan,nan,nan,--,0.869,[0.998 0.64  1.    0.507 0.589 1.    1.   ],[ 0.573 -0.999  0.003  0.243],[-100    0],--,1,0,0,0,0,0
3.6,65,0,4,--,4,False,True,False,--,0.568,-99.962,3.6,65.0,3.6,65.0,0.241,0.304,1.532,0.785,0.993,--,-146.049,146.049,-20.1,0.478,2.45,nan,nan,nan,nan,--,0.865,[0.998 0.635 1.    0.528 0.568 0.984 1.   ],[ 0.569 -0.999  0.003  0.243],[-100    0],--,1,0,0,0,0,0
3.6,75,0,0,--,0,False,True,False,--,0.514,-99.978,3.6,75.0,3.6,75.0,0.24,0.3,0.894,0.835,1.043,--,-144.907,144.907,-20.082,-0.11,2.676,nan,nan,nan,nan,--,0.337,[0.985 0.638 1.    0.469 0.578 0.108 0.   ],[ 0.516 -0.998  0.005  0.278],[-100    0],--,0,0,0,0,1,0
3.6,75,0,1,--,0,False,True,False,--,0.525,-99.925,3.6,75.0,3.6,75.0,0.234,0.294,0.911,0.815,1.023,--,-137.959,137.959,-19.936,-0.101,2.745,nan,nan,nan,nan,--,0.346,[0.993 0.656 1.    0.45  0.637 0.119 0.   ],[ 0.524 -0.999  0.005  0.278],[-100    0],--,0,0,0,0,1,0
3.6,75,0,2,--,0,False,True,False,--,0.554,-99.942,3.6,75.0,3.6,75.0,0.232,0.292,0.918,0.807,1.015,--,-135.714,135.714,-19.889,-0.099,2.771,nan,nan,nan,nan,--,0.349,[0.994 0.663 1.    0.444 0.656 0.123 0.   ],[ 0.552 -0.999  0.005  0.259],[-100    0],--,0,0,0,0,1,0
3.6,75,0,3,--,0,False,True,False,--,0.529,-99.847,3.6,75.0,3.6,75.0,0.234,0.294,0.912,0.814,1.022,--,-137.874,137.874,-19.922,-0.102,2.748,nan,nan,nan,nan,--,0.346,[0.987 0.657 1.    0.45  0.638 0.119 0.   ],[ 0.526 -0.999  0.005  0.274],[-100    0],--,0,0,0,0,1,0
3.6,75,0,4,--,0,False,True,False,--,0.533,-99.962,3.6,75.0,3.6,75.0,0.237,0.297,0.903,0.824,1.032,--,-140.326,140.326,-19.994,-0.109,2.728,nan,nan,nan,nan,--,0.343,[0.998 0.647 1.    0.456 0.617 0.115 0.   ],[ 0.528 -0.999  0.005  0.277],[-100    0],--,0,0,0,0,1,0
3.6,85,0,0,--,4,False,True,False,--,0.658,-99.975,3.6,85.0,3.6,85.0,0.235,0.293,0.299,0.843,1.051,--,-138.075,138.075,-19.95,-0.725,2.861,nan,nan,nan,nan,--,0.619,[0.999 0.654 1.    0.417 0.636 0.119 1.   ],[ 0.663 -0.999  0.006  0.22 ],[-100    0],--,1,0,0,0,0,0
3.6,85,0,1,--,4,False,True,False,--,0.693,-99.857,3.6,85.0,3.6,85.0,0.231,0.289,0.303,0.828,1.036,--,-134.49,134.49,-19.848,-0.717,2.895,nan,nan,nan,nan,--,0.623,[0.997 0.668 1.    0.408 0.666 0.125 1.   ],[ 0.696 -0.998  0.006  0.169],[-100    0],--,1,0,0,0,0,0
3.6,85,0,2,--,4,False,True,False,--,0.698,-99.896,3.6,85.0,3.6,85.0,0.232,0.29,0.302,0.833,1.041,--,-135.702,135.702,-19.884,-0.721,2.885,nan,nan,nan,nan,--,0.622,[0.999 0.663 1.    0.411 0.656 0.123 1.   ],[ 0.695 -0.999  0.005  0.184],[-100    0],--,1,0,0,0,0,0
3.6,85,0,3,--,4,False,True,False,--,0.634,-99.903,3.6,85.0,3.6,85.0,0.236,0.294,0.298,0.845,1.053,--,-139.152,139.152,-19.963,-0.728,2.851,nan,nan,nan,nan,--,0.618,[1.    0.652 1.    0.419 0.627 0.117 1.   ],[ 0.632 -0.998  0.007  0.23 ],[-100    0],--,1,0,0,0,0,0
3.6,85,0,4,--,4,False,True,False,--,0.552,-99.869,3.6,85.0,3.6,85.0,0.237,0.295,0.296,0.851,1.059,--,-140.238,140.238,-19.979,-0.729,2.84,nan,nan,nan,nan,--,0.616,[1.    0.647 1.    0.422 0.618 0.116 1.   ],[ 0.548 -0.996  0.009  0.254],[-100    0],--,1,0,0,0,0,0
4.0,15,0,0,--,4,False,True,False,--,0.518,-99.989,4.0,15.0,4.0,15.0,0.212,0.413,9.043,0.219,0.427,--,-131.313,131.313,-19.793,2.835,0.381,nan,nan,nan,nan,--,0.897,[0.996 0.735 1.    0.932 0.692 0.83  1.   ],[ 0.517 -0.999  0.003  0.35 ],[-100    0],--,1,0,0,0,0,0
4.0,15,0,1,--,4,False,True,False,--,0.524,-99.973,4.0,15.0,4.0,15.0,0.209,0.41,9.095,0.217,0.425,--,-130.134,130.134,-19.758,2.84,0.391,nan,nan,nan,nan,--,0.893,[0.997 0.743 1.    0.926 0.701 0.814 1.   ],[ 0.524 -0.999  0.003  0.343],[-100    0],--,1,0,0,0,0,0
4.0,15,0,2,--,4,False,True,False,--,0.526,-99.976,4.0,15.0,4.0,15.0,0.21,0.411,9.076,0.218,0.426,--,-130.139,130.139,-19.758,2.841,0.39,nan,nan,nan,nan,--,0.893,[0.996 0.74  1.    0.926 0.701 0.814 1.   ],[ 0.521 -0.999  0.003  0.346],[-100    0],--,1,0,0,0,0,0
4.0,15,0,3,--,4,False,True,False,--,0.523,-99.957,4.0,15.0,4.0,15.0,0.209,0.41,9.094,0.217,0.425,--,-130.117,130.117,-19.755,2.84,0.392,nan,nan,nan,nan,--,0.893,[0.996 0.743 1.    0.926 0.701 0.813 1.   ],[ 0.524 -0.999  0.003  0.343],[-100    0],--,1,0,0,0,0,0
4.0,15,0,4,--,4,False,True,False,--,0.527,-99.945,4.0,15.0,4.0,15.0,0.21,0.411,9.086,0.217,0.425,--,-130.08,130.08,-19.75,2.841,0.391,nan,nan,nan,nan,--,0.893,[1.    0.742 1.    0.926 0.702 0.813 1.   ],[ 0.523 -0.999  0.003  0.344],[-100    0],--,1,0,0,0,0,0
4.0,25,0,0,--,4,False,True,False,--,0.523,-99.864,4.0,25.0,4.0,25.0,0.22,0.343,6.25,0.372,0.58,--,-131.094,131.094,-19.764,2.602,1.033,nan,nan,nan,nan,--,0.885,[0.999 0.705 1.    0.857 0.694 0.827 1.   ],[ 0.529 -0.998  0.004  0.277],[-100    0],--,1,0,0,0,0,0
4.0,25,0,1,--,4,False,True,False,--,0.535,-99.952,4.0,25.0,4.0,25.0,0.216,0.339,6.323,0.365,0.573,--,-128.944,128.944,-19.719,2.607,1.055,nan,nan,nan,nan,--,0.877,[0.995 0.719 1.    0.841 0.711 0.797 1.   ],[ 0.541 -0.999  0.004  0.275],[-100    0],--,1,0,0,0,0,0
4.0,25,0,2,--,4,False,True,False,--,0.541,-99.915,4.0,25.0,4.0,25.0,0.215,0.339,6.335,0.364,0.572,--,-127.747,127.747,-19.678,2.61,1.067,nan,nan,nan,nan,--,0.873,[0.996 0.721 1.    0.832 0.72  0.781 1.   ],[ 0.541 -0.999  0.004  0.276],[-100    0],--,1,0,0,0,0,0
4.0,25,0,3,--,4,False,True,False,--,0.539,-99.858,4.0,25.0,4.0,25.0,0.217,0.341,6.297,0.368,0.576,--,-128.801,128.801,-19.699,2.608,1.056,nan,nan,nan,nan,--,0.877,[0.999 0.714 1.    0.84  0.712 0.795 1.   ],[ 0.539 -0.999  0.004  0.275],[-100    0],--,1,0,0,0,0,0
4.0,25,0,4,--,4,False,True,False,--,0.518,-99.821,4.0,25.0,4.0,25.0,0.221,0.344,6.237,0.373,0.581,--,-131.04,131.04,-19.755,2.6,1.037,nan,nan,nan,nan,--,0.885,[0.996 0.702 1.    0.856 0.694 0.826 1.   ],[ 0.519 -0.998  0.004  0.281],[-100    0],--,1,0,0,0,0,0
4.0,35,0,0,--,4,False,True,False,--,0.553,-99.943,4.0,35.0,4.0,35.0,0.226,0.317,4.503,0.52,0.728,--,-133.496,133.496,-19.84,2.245,1.616,nan,nan,nan,nan,--,0.881,[0.993 0.682 1.    0.779 0.674 0.86  1.   ],[ 0.551 -0.999  0.003  0.262],[-100    0],--,1,0,0,0,0,0
4.0,35,0,1,--,4,False,True,False,--,0.553,-99.986,4.0,35.0,4.0,35.0,0.223,0.313,4.559,0.511,0.719,--,-130.168,130.168,-19.762,2.252,1.65,nan,nan,nan,nan,--,0.868,[0.998 0.696 1.    0.75  0.701 0.814 1.   ],[ 0.555 -0.999  0.003  0.263],[-100    0],--,1,0,0,0,0,0
4.0,35,0,2,--,4,False,True,False,--,0.557,-99.949,4.0,35.0,4.0,35.0,0.222,0.312,4.574,0.508,0.716,--,-128.968,128.968,-19.721,2.254,1.665,nan,nan,nan,nan,--,0.863,[0.998 0.699 1.    0.74  0.711 0.798 1.   ],[ 0.556 -0.999  0.003  0.263],[-100    0],--,1,0,0,0,0,0
4.0,35,0,3,--,4,False,True,False,--,0.552,-99.959,4.0,35.0,4.0,35.0,0.222,0.313,4.569,0.509,0.717,--,-130.129,130.129,-19.756,2.252,1.651,nan,nan,nan,nan,--,0.868,[0.999 0.698 1.    0.75  0.701 0.814 1.   ],[ 0.556 -0.999  0.003  0.263],[-100    0],--,1,0,0,0,0,0
4.0,35,0,4,--,4,False,True,False,--,0.52,-99.847,4.0,35.0,4.0,35.0,0.23,0.32,4.456,0.527,0.735,--,-135.636,135.636,-19.875,2.242,1.593,nan,nan,nan,nan,--,0.889,[0.998 0.671 1.    0.796 0.657 0.889 1.   ],[ 0.52  -0.998  0.005  0.265],[-100    0],--,1,0,0,0,0,0
4.0,45,0,0,--,4,False,True,False,--,0.556,-99.857,4.0,45.0,4.0,45.0,0.234,0.308,3.25,0.662,0.87,--,-139.076,139.076,-19.953,1.789,2.092,nan,nan,nan,nan,--,0.887,[0.999 0.657 1.    0.717 0.628 0.937 1.   ],[ 0.56  -0.999  0.003  0.255],[-100    0],--,1,0,0,0,0,0
4.0,45,0,1,--,4,False,True,False,--,0.564,-99.948,4.0,45.0,4.0,45.0,0.232,0.306,3.273,0.656,0.864,--,-136.926,136.926,-19.922,1.792,2.115,nan,nan,nan,nan,--,0.878,[0.994 0.664 1.    0.698 0.646 0.907 1.   ],[ 0.563 -0.999  0.003  0.255],[-100    0],--,1,0,0,0,0,0
4.0,45,0,2,--,4,False,True,False,--,0.515,-99.927,4.0,45.0,4.0,45.0,0.238,0.312,3.206,0.674,0.882,--,-143.753,143.753,-20.056,1.782,2.046,nan,nan,nan,nan,--,0.904,[0.998 0.643 1.    0.757 0.588 0.999 1.   ],[ 0.516 -0.998  0.005  0.26 ],[-100    0],--,1,0,0,0,0,0
4.0,45,0,3,--,4,False,True,False,--,0.515,-99.921,4.0,45.0,4.0,45.0,0.239,0.312,3.203,0.675,0.883,--,-143.751,143.751,-20.056,1.783,2.044,nan,nan,nan,nan,--,0.904,[0.995 0.642 1.    0.757 0.588 0.999 1.   ],[ 0.512 -0.998  0.005  0.261],[-100    0],--,1,0,0,0,0,0
4.0,45,0,4,--,4,False,True,False,--,0.502,-99.869,4.0,45.0,4.0,45.0,0.239,0.313,3.197,0.677,0.885,--,-144.778,144.778,-20.062,1.786,2.028,nan,nan,nan,nan,--,0.902,[0.998 0.64  1.    0.767 0.579 0.992 1.   ],[ 0.504 -0.997  0.005  0.262],[-100    0],--,1,0,0,0,0,0
4.0,55,0,0,--,4,False,True,False,--,0.547,-99.963,4.0,55.0,4.0,55.0,0.242,0.306,2.29,0.794,1.002,--,-147.196,147.196,-20.119,1.251,2.451,nan,nan,nan,nan,--,0.881,[0.999 0.63  1.    0.674 0.558 0.976 1.   ],[ 0.55  -0.999  0.003  0.253],[-100    0],--,1,0,0,0,0,0
4.0,55,0,1,--,4,False,True,False,--,0.568,-99.981,4.0,55.0,4.0,55.0,0.239,0.303,2.311,0.785,0.993,--,-143.773,143.773,-20.062,1.254,2.486,nan,nan,nan,nan,--,0.888,[0.998 0.639 1.    0.643 0.588 0.999 1.   ],[ 0.569 -0.999  0.003  0.25 ],[-100    0],--,1,0,0,0,0,0
4.0,55,0,2,--,4,False,True,False,--,0.574,-99.953,4.0,55.0,4.0,55.0,0.237,0.3,2.331,0.776,0.984,--,-141.441,141.441,-20.013,1.255,2.512,nan,nan,nan,nan,--,0.879,[0.995 0.648 1.    0.622 0.608 0.969 1.   ],[ 0.572 -0.999  0.003  0.251],[-100    0],--,1,0,0,0,0,0
4.0,55,0,3,--,4,False,True,False,--,0.572,-99.957,4.0,55.0,4.0,55.0,0.238,0.301,2.326,0.778,0.986,--,-141.458,141.458,-20.015,1.254,2.513,nan,nan,nan,nan,--,0.88,[0.996 0.645 1.    0.622 0.608 0.969 1.   ],[ 0.571 -0.999  0.003  0.251],[-100    0],--,1,0,0,0,0,0
4.0,55,0,4,--,4,False,True,False,--,0.509,-99.895,4.0,55.0,4.0,55.0,0.246,0.31,2.262,0.806,1.014,--,-152.875,152.875,-20.195,1.246,2.396,nan,nan,nan,nan,--,0.87,[0.999 0.619 1.    0.723 0.509 0.937 1.   ],[ 0.51  -0.998  0.005  0.258],[-100    0],--,1,0,0,0,0,0
4.0,65,0,0,--,4,False,True,False,--,0.511,-99.839,4.0,65.0,4.0,65.0,0.252,0.31,1.505,0.915,1.123,--,-162.068,162.068,-20.3,0.635,2.66,nan,nan,nan,nan,--,0.823,[0.998 0.599 0.907 0.684 0.429 0.873 1.   ],[ 0.505 -0.998  0.005  0.256],[-100    0],--,1,0,0,0,0,0
4.0,65,0,1,--,4,False,True,False,--,0.546,-99.951,4.0,65.0,4.0,65.0,0.248,0.306,1.524,0.901,1.109,--,-155.303,155.303,-20.24,0.637,2.726,nan,nan,nan,nan,--,0.849,[0.998 0.611 1.    0.626 0.488 0.92  1.   ],[ 0.547 -0.999  0.003  0.251],[-100    0],--,1,0,0,0,0,0
4.0,65,0,2,--,4,False,True,False,--,0.534,-99.896,4.0,65.0,4.0,65.0,0.25,0.307,1.519,0.905,1.113,--,-156.383,156.383,-20.245,0.638,2.713,nan,nan,nan,nan,--,0.847,[0.999 0.608 1.    0.636 0.478 0.913 1.   ],[ 0.537 -0.999  0.003  0.252],[-100    0],--,1,0,0,0,0,0
4.0,65,0,3,--,4,False,True,False,--,0.576,-99.943,4.0,65.0,4.0,65.0,0.244,0.302,1.545,0.886,1.094,--,-149.502,149.502,-20.155,0.642,2.782,nan,nan,nan,nan,--,0.86,[0.998 0.624 1.    0.575 0.538 0.96  1.   ],[ 0.576 -1.     0.002  0.247],[-100    0],--,1,0,0,0,0,0
4.0,65,0,4,--,4,False,True,False,--,0.542,-99.948,4.0,65.0,4.0,65.0,0.249,0.306,1.523,0.902,1.11,--,-155.298,155.298,-20.24,0.638,2.724,nan,nan,nan,nan,--,0.849,[0.999 0.61  1.    0.626 0.488 0.92  1.   ],[ 0.544 -0.999  0.003  0.251],[-100    0],--,1,0,0,0,0,0
4.0,75,0,0,--,0,False,True,False,--,0.551,-99.956,4.0,75.0,4.0,75.0,0.241,0.295,0.908,0.932,1.14,--,-144.91,144.91,-20.08,-0.006,3.061,nan,nan,nan,nan,--,0.338,[0.997 0.634 1.    0.475 0.578 0.108 0.   ],[ 0.552 -0.999  0.003  0.269],[-100    0],--,0,0,0,0,1,0
4.0,75,0,1,--,0,False,True,False,--,0.556,-99.957,4.0,75.0,4.0,75.0,0.245,0.298,0.898,0.945,1.153,--,-149.496,149.496,-20.155,-0.011,3.016,nan,nan,nan,nan,--,0.332,[0.99  0.623 1.    0.487 0.538 0.101 0.   ],[ 0.558 -0.999  0.003  0.267],[-100    0],--,0,0,0,0,1,0
4.0,75,0,2,--,0,False,True,False,--,0.554,-99.978,4.0,75.0,4.0,75.0,0.244,0.298,0.9,0.942,1.15,--,-148.372,148.372,-20.141,-0.011,3.029,nan,nan,nan,nan,--,0.333,[0.991 0.626 1.    0.484 0.548 0.103 0.   ],[ 0.557 -0.999  0.003  0.268],[-100    0],--,0,0,0,0,1,0
4.0,75,0,3,--,4,False,True,False,--,0.515,-99.957,4.0,75.0,4.0,75.0,0.249,0.303,0.883,0.964,1.172,--,-156.439,156.439,-20.254,-0.017,2.95,nan,nan,nan,nan,--,0.601,[1.    0.608 0.992 0.52  0.478 0.09  1.   ],[ 0.512 -0.998  0.005  0.279],[-100    0],--,1,0,0,0,0,0
4.0,75,0,4,--,0,False,True,False,--,0.555,-99.949,4.0,75.0,4.0,75.0,0.243,0.296,0.904,0.937,1.145,--,-147.191,147.191,-20.118,-0.01,3.041,nan,nan,nan,nan,--,0.335,[0.984 0.63  1.    0.481 0.558 0.105 0.   ],[ 0.555 -0.999  0.003  0.269],[-100    0],--,0,0,0,0,1,0
4.0,85,0,0,--,4,False,True,False,--,0.691,-99.986,4.0,85.0,4.0,85.0,0.237,0.289,0.302,0.945,1.153,--,-140.374,140.374,-20.0,-0.691,3.234,nan,nan,nan,nan,--,0.617,[1.    0.647 1.    0.429 0.617 0.115 1.   ],[ 0.692 -1.     0.004  0.336],[-100    0],--,1,0,0,0,0,0
4.0,85,0,1,--,0,False,True,False,--,0.538,-99.86,4.0,85.0,4.0,85.0,0.244,0.296,0.295,0.972,1.18,--,-148.224,148.224,-20.12,-0.699,3.154,nan,nan,nan,nan,--,0.329,[0.989 0.625 1.    0.45  0.549 0.103 0.   ],[ 0.535 -0.999  0.009  0.371],[-100    0],--,0,0,0,0,1,0
4.0,85,0,2,--,0,False,True,False,--,0.703,-99.991,4.0,85.0,4.0,85.0,0.24,0.292,0.299,0.956,1.164,--,-143.842,143.842,-20.069,-0.698,3.202,nan,nan,nan,nan,--,0.334,[0.981 0.638 1.    0.438 0.587 0.11  0.   ],[ 0.699 -1.     0.004  0.355],[-100    0],--,0,0,0,0,1,0
4.0,85,0,3,--,4,False,True,False,--,0.694,-99.974,4.0,85.0,4.0,85.0,0.236,0.288,0.304,0.939,1.147,--,-138.092,138.092,-19.951,-0.69,3.259,nan,nan,nan,nan,--,0.62,[0.999 0.652 1.    0.423 0.636 0.119 1.   ],[ 0.692 -1.     0.004  0.328],[-100    0],--,1,0,0,0,0,0
4.0,85,0,4,--,0,False,True,False,--,0.609,-99.944,4.0,85.0,4.0,85.0,0.243,0.295,0.297,0.967,1.175,--,-146.071,146.071,-20.1,-0.699,3.177,nan,nan,nan,nan,--,0.332,[0.998 0.629 1.    0.444 0.568 0.107 0.   ],[ 0.608 -0.999  0.007  0.368],[-100    0],--,0,0,0,0,1,0
4.4,15,0,0,--,4,False,True,False,--,0.504,-99.963,4.4,15.0,4.4,15.0,0.219,0.402,9.293,0.249,0.457,--,-134.633,134.633,-19.869,3.22,0.444,nan,nan,nan,nan,--,0.907,[0.998 0.709 1.    0.945 0.665 0.876 1.   ],[ 0.506 -1.     0.003  0.386],[-100    0],--,1,0,0,0,0,0
4.4,15,0,1,--,4,False,True,False,--,0.513,-99.967,4.4,15.0,4.4,15.0,0.217,0.399,9.344,0.247,0.455,--,-133.493,133.493,-19.842,3.222,0.457,nan,nan,nan,nan,--,0.903,[0.996 0.716 1.    0.94  0.674 0.86  1.   ],[ 0.513 -1.     0.003  0.378],[-100    0],--,1,0,0,0,0,0
4.4,15,0,2,--,4,False,True,False,--,0.523,-99.976,4.4,15.0,4.4,15.0,0.213,0.396,9.421,0.243,0.451,--,-131.264,131.264,-19.788,3.224,0.483,nan,nan,nan,nan,--,0.896,[0.998 0.728 1.    0.928 0.692 0.829 1.   ],[ 0.522 -1.     0.003  0.367],[-100    0],--,1,0,0,0,0,0
4.4,15,0,3,--,4,False,True,False,--,0.513,-99.979,4.4,15.0,4.4,15.0,0.217,0.4,9.33,0.247,0.456,--,-132.406,132.406,-19.818,3.22,0.474,nan,nan,nan,nan,--,0.9,[1.    0.714 1.    0.934 0.683 0.845 1.   ],[ 0.511 -1.     0.003  0.38 ],[-100    0],--,1,0,0,0,0,0
4.4,15,0,4,--,4,False,True,False,--,0.522,-99.983,4.4,15.0,4.4,15.0,0.215,0.398,9.383,0.245,0.453,--,-131.287,131.287,-19.791,3.223,0.484,nan,nan,nan,nan,--,0.896,[0.999 0.722 1.    0.928 0.692 0.829 1.   ],[ 0.517 -1.     0.003  0.373],[-100    0],--,1,0,0,0,0,0
4.4,25,0,0,--,4,False,True,False,--,0.537,-99.947,4.4,25.0,4.4,25.0,0.22,0.332,6.458,0.409,0.617,--,-130.09,130.09,-19.751,2.964,1.216,nan,nan,nan,nan,--,0.881,[0.996 0.704 1.    0.847 0.702 0.813 1.   ],[ 0.539 -0.999  0.004  0.278],[-100    0],--,1,0,0,0,0,0
4.4,25,0,1,--,4,False,True,False,--,0.538,-99.975,4.4,25.0,4.4,25.0,0.217,0.329,6.515,0.404,0.612,--,-127.857,127.857,-19.692,2.97,1.238,nan,nan,nan,nan,--,0.873,[0.996 0.714 1.    0.83  0.719 0.782 1.   ],[ 0.542 -0.999  0.004  0.279],[-100    0],--,1,0,0,0,0,0
4.4,25,0,2,--,4,False,True,False,--,0.542,-99.939,4.4,25.0,4.4,25.0,0.218,0.33,6.506,0.405,0.613,--,-128.93,128.93,-19.717,2.969,1.225,nan,nan,nan,nan,--,0.877,[0.998 0.713 1.    0.839 0.711 0.797 1.   ],[ 0.541 -0.999  0.004  0.279],[-100    0],--,1,0,0,0,0,0
4.4,25,0,3,--,4,False,True,False,--,0.546,-99.889,4.4,25.0,4.4,25.0,0.215,0.327,6.562,0.4,0.608,--,-126.613,126.613,-19.641,2.975,1.248,nan,nan,nan,nan,--,0.868,[0.993 0.723 1.    0.821 0.729 0.765 1.   ],[ 0.545 -0.999  0.004  0.28 ],[-100    0],--,1,0,0,0,0,0
4.4,25,0,4,--,4,False,True,False,--,0.534,-99.958,4.4,25.0,4.4,25.0,0.219,0.331,6.48,0.407,0.615,--,-130.055,130.055,-19.749,2.968,1.211,nan,nan,nan,nan,--,0.881,[0.99  0.708 1.    0.847 0.702 0.812 1.   ],[ 0.54  -0.999  0.004  0.279],[-100    0],--,1,0,0,0,0,0
4.4,35,0,0,--,4,False,True,False,--,0.554,-99.951,4.4,35.0,4.4,35.0,0.227,0.309,4.615,0.573,0.781,--,-133.443,133.443,-19.836,2.58,1.837,nan,nan,nan,nan,--,0.881,[0.996 0.681 1.    0.78  0.675 0.859 1.   ],[ 0.555 -0.999  0.003  0.266],[-100    0],--,1,0,0,0,0,0
4.4,35,0,1,--,4,False,True,False,--,0.536,-99.965,4.4,35.0,4.4,35.0,0.231,0.314,4.554,0.583,0.792,--,-136.869,136.869,-19.918,2.575,1.801,nan,nan,nan,nan,--,0.894,[0.998 0.666 1.    0.808 0.646 0.906 1.   ],[ 0.538 -0.999  0.004  0.267],[-100    0],--,1,0,0,0,0,0
4.4,35,0,2,--,4,False,True,False,--,0.525,-99.912,4.4,35.0,4.4,35.0,0.232,0.315,4.537,0.586,0.794,--,-137.941,137.941,-19.933,2.571,1.793,nan,nan,nan,nan,--,0.897,[0.996 0.663 1.    0.816 0.637 0.921 1.   ],[ 0.526 -0.998  0.004  0.268],[-100    0],--,1,0,0,0,0,0
4.4,35,0,3,--,4,False,True,False,--,0.552,-99.965,4.4,35.0,4.4,35.0,0.228,0.311,4.594,0.576,0.785,--,-134.59,134.59,-19.865,2.578,1.826,nan,nan,nan,nan,--,0.885,[0.994 0.676 1.    0.79  0.665 0.875 1.   ],[ 0.553 -0.999  0.003  0.265],[-100    0],--,1,0,0,0,0,0
4.4,35,0,4,--,4,False,True,False,--,0.54,-99.909,4.4,35.0,4.4,35.0,0.231,0.313,4.556,0.583,0.791,--,-136.776,136.776,-19.906,2.574,1.803,nan,nan,nan,nan,--,0.893,[0.997 0.667 1.    0.807 0.647 0.905 1.   ],[ 0.54  -0.999  0.003  0.266],[-100    0],--,1,0,0,0,0,0
4.4,45,0,0,--,4,False,True,False,--,0.531,-99.954,4.4,45.0,4.4,45.0,0.241,0.308,3.245,0.751,0.959,--,-147.176,147.176,-20.117,2.067,2.287,nan,nan,nan,nan,--,0.898,[0.998 0.633 1.    0.79  0.558 0.976 1.   ],[ 0.528 -0.999  0.004  0.263],[-100    0],--,1,0,0,0,0,0
4.4,45,0,1,--,4,False,True,False,--,0.565,-99.976,4.4,45.0,4.4,45.0,0.235,0.302,3.308,0.733,0.941,--,-140.329,140.329,-19.995,2.074,2.357,nan,nan,nan,nan,--,0.892,[0.997 0.652 1.    0.733 0.617 0.954 1.   ],[ 0.565 -0.999  0.003  0.259],[-100    0],--,1,0,0,0,0,0
4.4,45,0,2,--,4,False,True,False,--,0.55,-99.94,4.4,45.0,4.4,45.0,0.239,0.306,3.267,0.744,0.952,--,-143.734,143.734,-20.056,2.069,2.323,nan,nan,nan,nan,--,0.905,[0.998 0.64  1.    0.762 0.588 1.    1.   ],[ 0.55  -0.999  0.003  0.26 ],[-100    0],--,1,0,0,0,0,0
4.4,45,0,3,--,4,False,True,False,--,0.509,-99.928,4.4,45.0,4.4,45.0,0.243,0.31,3.227,0.756,0.964,--,-148.318,148.318,-20.133,2.065,2.276,nan,nan,nan,nan,--,0.895,[0.999 0.628 1.    0.798 0.548 0.968 1.   ],[ 0.508 -0.998  0.005  0.265],[-100    0],--,1,0,0,0,0,0
4.4,45,0,4,--,4,False,True,False,--,0.558,-99.932,4.4,45.0,4.4,45.0,0.238,0.305,3.275,0.742,0.95,--,-143.703,143.703,-20.052,2.07,2.322,nan,nan,nan,nan,--,0.905,[0.996 0.642 1.    0.762 0.588 1.    1.   ],[ 0.557 -0.999  0.003  0.259],[-100    0],--,1,0,0,0,0,0
4.4,55,0,0,--,4,False,True,False,--,0.556,-99.975,4.4,55.0,4.4,55.0,0.246,0.304,2.302,0.888,1.096,--,-153.004,153.004,-20.212,1.474,2.723,nan,nan,nan,nan,--,0.871,[0.996 0.617 1.    0.731 0.508 0.936 1.   ],[ 0.558 -0.999  0.003  0.256],[-100    0],--,1,0,0,0,0,0
4.4,55,0,1,--,4,False,True,False,--,0.527,-99.983,4.4,55.0,4.4,55.0,0.25,0.307,2.279,0.899,1.107,--,-157.633,157.633,-20.274,1.473,2.677,nan,nan,nan,nan,--,0.862,[0.999 0.608 1.    0.769 0.467 0.904 1.   ],[ 0.528 -0.999  0.004  0.26 ],[-100    0],--,1,0,0,0,0,0
4.4,55,0,2,--,4,False,True,False,--,0.552,-99.984,4.4,55.0,4.4,55.0,0.247,0.305,2.297,0.891,1.099,--,-154.147,154.147,-20.228,1.477,2.707,nan,nan,nan,nan,--,0.869,[0.993 0.615 1.    0.742 0.498 0.928 1.   ],[ 0.552 -0.999  0.003  0.257],[-100    0],--,1,0,0,0,0,0
4.4,55,0,3,--,4,False,True,False,--,0.576,-99.978,4.4,55.0,4.4,55.0,0.242,0.3,2.333,0.874,1.082,--,-147.189,147.189,-20.12,1.483,2.775,nan,nan,nan,nan,--,0.883,[0.998 0.63  1.    0.683 0.558 0.976 1.   ],[ 0.574 -1.     0.002  0.255],[-100    0],--,1,0,0,0,0,0
4.4,55,0,4,--,4,False,True,False,--,0.516,-99.925,4.4,55.0,4.4,55.0,0.25,0.308,2.274,0.902,1.11,--,-158.638,158.638,-20.271,1.478,2.661,nan,nan,nan,nan,--,0.86,[0.999 0.606 1.    0.778 0.459 0.897 1.   ],[ 0.52  -0.998  0.004  0.261],[-100    0],--,1,0,0,0,0,0
4.4,65,0,0,--,4,False,True,False,--,0.581,-99.993,4.4,65.0,4.4,65.0,0.248,0.3,1.552,0.99,1.198,--,-155.275,155.275,-20.241,0.815,3.077,nan,nan,nan,nan,--,0.851,[0.998 0.612 1.    0.64  0.488 0.92  1.   ],[ 0.579 -1.     0.002  0.262],[-100    0],--,1,0,0,0,0,0
4.4,65,0,1,--,4,False,True,False,--,0.54,-99.935,4.4,65.0,4.4,65.0,0.252,0.305,1.531,1.007,1.215,--,-162.12,162.12,-20.312,0.814,3.009,nan,nan,nan,nan,--,0.826,[0.998 0.599 0.917 0.698 0.428 0.873 1.   ],[ 0.539 -0.999  0.003  0.284],[-100    0],--,1,0,0,0,0,0
4.4,65,0,2,--,4,False,True,False,--,0.581,-99.987,4.4,65.0,4.4,65.0,0.248,0.3,1.553,0.989,1.197,--,-154.085,154.085,-20.223,0.818,3.085,nan,nan,nan,nan,--,0.854,[0.999 0.613 1.    0.63  0.498 0.928 1.   ],[ 0.579 -1.     0.002  0.261],[-100    0],--,1,0,0,0,0,0
4.4,65,0,3,--,4,False,True,False,--,0.576,-99.981,4.4,65.0,4.4,65.0,0.25,0.302,1.543,0.997,1.205,--,-157.536,157.536,-20.266,0.816,3.052,nan,nan,nan,nan,--,0.847,[0.998 0.607 1.    0.66  0.468 0.905 1.   ],[ 0.575 -1.     0.002  0.269],[-100    0],--,1,0,0,0,0,0
4.4,65,0,4,--,4,False,True,False,--,0.576,-99.994,4.4,65.0,4.4,65.0,0.25,0.302,1.544,0.997,1.205,--,-157.557,157.557,-20.268,0.814,3.055,nan,nan,nan,nan,--,0.847,[0.995 0.607 1.    0.659 0.468 0.904 1.   ],[ 0.575 -1.     0.002  0.268],[-100    0],--,1,0,0,0,0,0
4.4,75,0,0,--,4,False,True,False,--,0.684,-99.988,4.4,75.0,4.4,75.0,0.247,0.296,0.906,1.049,1.257,--,-151.798,151.798,-20.192,0.095,3.375,nan,nan,nan,nan,--,0.843,[1.    0.617 1.    0.499 0.518 0.944 1.   ],[ 0.686 -1.     0.003  0.303],[-100    0],--,1,0,0,0,0,0
4.4,75,0,1,--,0,False,True,False,--,0.687,-99.985,4.4,75.0,4.4,75.0,0.244,0.292,0.916,1.035,1.243,--,-148.323,148.323,-20.138,0.099,3.408,nan,nan,nan,nan,--,0.574,[0.982 0.627 1.    0.489 0.548 0.968 0.   ],[ 0.686 -1.     0.003  0.28 ],[-100    0],--,0,0,0,0,1,0
4.4,75,0,2,--,0,False,True,False,--,0.684,-99.978,4.4,75.0,4.4,75.0,0.242,0.291,0.921,1.028,1.236,--,-146.002,146.002,-20.097,0.102,3.429,nan,nan,nan,nan,--,0.581,[0.989 0.632 1.    0.483 0.569 0.984 0.   ],[ 0.686 -1.     0.003  0.269],[-100    0],--,0,0,0,0,1,0
4.4,75,0,3,--,0,False,True,False,--,0.686,-99.991,4.4,75.0,4.4,75.0,0.242,0.291,0.92,1.029,1.237,--,-146.005,146.005,-20.098,0.102,3.43,nan,nan,nan,nan,--,0.581,[0.993 0.631 1.    0.483 0.569 0.984 0.   ],[ 0.686 -1.     0.003  0.271],[-100    0],--,0,0,0,0,1,0
4.4,75,0,4,--,4,False,True,False,--,0.506,-99.956,4.4,75.0,4.4,75.0,0.251,0.3,0.894,1.066,1.275,--,-158.672,158.672,-20.276,0.094,3.305,nan,nan,nan,nan,--,0.822,[1.    0.604 0.952 0.556 0.458 0.897 1.   ],[ 0.505 -0.998  0.008  0.324],[-100    0],--,1,0,0,0,0,0
4.4,85,0,0,--,0,False,True,False,--,0.668,-99.997,4.4,85.0,4.4,85.0,0.241,0.289,0.303,1.058,1.267,--,-144.881,144.881,-20.081,-0.656,3.579,nan,nan,nan,nan,--,0.334,[0.992 0.633 1.    0.446 0.578 0.108 0.   ],[ 0.666 -1.     0.006  0.502],[-100    0],--,0,0,0,0,1,0
4.4,85,0,1,--,4,False,True,False,--,0.668,-99.958,4.4,85.0,4.4,85.0,0.239,0.287,0.305,1.048,1.257,--,-142.544,142.544,-20.032,-0.652,3.601,nan,nan,nan,nan,--,0.615,[1.    0.64  1.    0.44  0.598 0.112 1.   ],[ 0.667 -1.     0.006  0.493],[-100    0],--,1,0,0,0,0,0
4.4,85,0,2,--,4,False,True,False,--,0.67,-99.965,4.4,85.0,4.4,85.0,0.236,0.283,0.309,1.034,1.242,--,-139.094,139.094,-19.963,-0.644,3.63,nan,nan,nan,nan,--,0.619,[0.999 0.651 1.    0.431 0.628 0.117 1.   ],[ 0.669 -1.     0.006  0.48 ],[-100    0],--,1,0,0,0,0,0
4.4,85,0,3,--,4,False,True,False,--,0.659,-99.98,4.4,85.0,4.4,85.0,0.239,0.286,0.305,1.048,1.256,--,-142.548,142.548,-20.034,-0.647,3.594,nan,nan,nan,nan,--,0.615,[1.    0.641 1.    0.44  0.598 0.112 1.   ],[ 0.667 -1.     0.006  0.492],[-100    0],--,1,0,0,0,0,0
4.4,85,0,4,--,4,False,True,False,--,0.665,-99.997,4.4,85.0,4.4,85.0,0.236,0.283,0.309,1.033,1.241,--,-139.088,139.088,-19.965,-0.64,3.625,nan,nan,nan,nan,--,0.619,[0.998 0.651 1.    0.431 0.628 0.117 1.   ],[ 0.669 -1.     0.006  0.479],[-100    0],--,1,0,0,0,0,0
4.8,15,0,0,--,4,False,True,False,--,0.503,-99.989,4.8,15.0,4.8,15.0,0.223,0.39,9.562,0.277,0.485,--,-137.93,137.93,-19.938,3.614,0.497,nan,nan,nan,nan,--,0.917,[0.998 0.695 1.    0.958 0.637 0.921 1.   ],[ 0.504 -1.     0.003  0.411],[-100    0],--,1,0,0,0,0,0
4.8,15,0,1,--,4,False,True,False,--,0.507,-99.968,4.8,15.0,4.8,15.0,0.222,0.389,9.588,0.275,0.484,--,-136.849,136.849,-19.981,3.61,0.507,nan,nan,nan,nan,--,0.914,[0.999 0.699 1.    0.953 0.646 0.906 1.   ],[ 0.507 -1.     0.003  0.407],[-100    0],--,1,0,0,0,0,0
4.8,15,0,2,--,4,False,True,False,--,0.522,-99.977,4.8,15.0,4.8,15.0,0.217,0.384,9.715,0.269,0.477,--,-133.362,133.362,-19.831,3.623,0.542,nan,nan,nan,nan,--,0.903,[1.    0.717 1.    0.937 0.675 0.858 1.   ],[ 0.521 -1.     0.003  0.389],[-100    0],--,1,0,0,0,0,0
4.8,15,0,3,--,4,False,True,False,--,0.507,-99.969,4.8,15.0,4.8,15.0,0.22,0.388,9.621,0.274,0.482,--,-136.85,136.85,-19.981,3.611,0.504,nan,nan,nan,nan,--,0.914,[0.998 0.703 1.    0.953 0.646 0.906 1.   ],[ 0.511 -1.     0.003  0.402],[-100    0],--,1,0,0,0,0,0
4.8,15,0,4,--,4,False,True,False,--,0.505,-99.991,4.8,15.0,4.8,15.0,0.223,0.39,9.563,0.277,0.485,--,-137.936,137.936,-19.939,3.615,0.496,nan,nan,nan,nan,--,0.918,[0.998 0.695 1.    0.958 0.637 0.921 1.   ],[ 0.504 -1.     0.003  0.411],[-100    0],--,1,0,0,0,0,0
4.8,25,0,0,--,4,False,True,False,--,0.539,-99.955,4.8,25.0,4.8,25.0,0.223,0.326,6.585,0.453,0.661,--,-133.398,133.398,-19.895,3.332,1.325,nan,nan,nan,nan,--,0.893,[0.988 0.694 1.    0.871 0.675 0.859 1.   ],[ 0.538 -0.999  0.003  0.288],[-100    0],--,1,0,0,0,0,0
4.8,25,0,1,--,4,False,True,False,--,0.511,-99.952,4.8,25.0,4.8,25.0,0.225,0.328,6.54,0.457,0.665,--,-134.558,134.558,-19.925,3.328,1.315,nan,nan,nan,nan,--,0.897,[0.995 0.686 1.    0.878 0.665 0.874 1.   ],[ 0.51  -0.999  0.004  0.302],[-100    0],--,1,0,0,0,0,0
4.8,25,0,2,--,4,False,True,False,--,0.518,-99.906,4.8,25.0,4.8,25.0,0.225,0.328,6.546,0.456,0.665,--,-134.493,134.493,-19.916,3.326,1.319,nan,nan,nan,nan,--,0.897,[0.99  0.687 1.    0.877 0.666 0.874 1.   ],[ 0.514 -0.999  0.004  0.3  ],[-100    0],--,1,0,0,0,0,0
4.8,25,0,3,--,4,False,True,False,--,0.541,-99.964,4.8,25.0,4.8,25.0,0.221,0.323,6.631,0.448,0.656,--,-131.1,131.1,-19.772,3.34,1.354,nan,nan,nan,nan,--,0.885,[0.998 0.702 1.    0.855 0.694 0.827 1.   ],[ 0.541 -0.999  0.003  0.282],[-100    0],--,1,0,0,0,0,0
4.8,25,0,4,--,4,False,True,False,--,0.541,-99.935,4.8,25.0,4.8,25.0,0.222,0.325,6.604,0.451,0.659,--,-132.239,132.239,-19.862,3.333,1.338,nan,nan,nan,nan,--,0.889,[0.994 0.697 1.    0.863 0.684 0.843 1.   ],[ 0.539 -0.999  0.003  0.284],[-100    0],--,1,0,0,0,0,0
4.8,35,0,0,--,4,False,True,False,--,0.555,-99.949,4.8,35.0,4.8,35.0,0.229,0.305,4.689,0.63,0.838,--,-135.701,135.701,-19.952,2.906,2.031,nan,nan,nan,nan,--,0.889,[0.998 0.674 1.    0.8   0.656 0.89  1.   ],[ 0.557 -0.999  0.003  0.269],[-100    0],--,1,0,0,0,0,0
4.8,35,0,1,--,4,False,True,False,--,0.544,-99.975,4.8,35.0,4.8,35.0,0.234,0.309,4.615,0.644,0.852,--,-140.196,140.196,-19.983,2.906,1.986,nan,nan,nan,nan,--,0.906,[0.998 0.658 1.    0.834 0.618 0.952 1.   ],[ 0.543 -0.999  0.003  0.27 ],[-100    0],--,1,0,0,0,0,0
4.8,35,0,2,--,4,False,True,False,--,0.502,-99.947,4.8,35.0,4.8,35.0,0.238,0.313,4.562,0.654,0.862,--,-143.609,143.609,-20.046,2.901,1.953,nan,nan,nan,nan,--,0.918,[0.995 0.646 1.    0.858 0.589 0.999 1.   ],[ 0.498 -0.998  0.005  0.275],[-100    0],--,1,0,0,0,0,0
4.8,35,0,3,--,4,False,True,False,--,0.556,-99.981,4.8,35.0,4.8,35.0,0.23,0.306,4.672,0.634,0.842,--,-135.646,135.646,-19.886,2.912,2.033,nan,nan,nan,nan,--,0.889,[0.999 0.67  1.    0.8   0.656 0.889 1.   ],[ 0.556 -0.999  0.003  0.269],[-100    0],--,1,0,0,0,0,0
4.8,35,0,4,--,4,False,True,False,--,0.536,-99.853,4.8,35.0,4.8,35.0,0.235,0.31,4.605,0.646,0.854,--,-140.142,140.142,-20.035,2.901,1.982,nan,nan,nan,nan,--,0.906,[1.    0.655 1.    0.834 0.619 0.951 1.   ],[ 0.536 -0.999  0.003  0.27 ],[-100    0],--,1,0,0,0,0,0
4.8,45,0,0,--,4,False,True,False,--,0.569,-99.974,4.8,45.0,4.8,45.0,0.238,0.299,3.341,0.808,1.016,--,-142.49,142.49,-20.029,2.365,2.603,nan,nan,nan,nan,--,0.901,[0.999 0.644 1.    0.757 0.599 0.984 1.   ],[ 0.569 -1.     0.002  0.263],[-100    0],--,1,0,0,0,0,0
4.8,45,0,1,--,4,False,True,False,--,0.52,-99.914,4.8,45.0,4.8,45.0,0.246,0.308,3.25,0.836,1.044,--,-154.078,154.078,-20.286,2.35,2.485,nan,nan,nan,nan,--,0.883,[0.994 0.618 1.    0.845 0.498 0.928 1.   ],[ 0.518 -0.999  0.004  0.268],[-100    0],--,1,0,0,0,0,0
4.8,45,0,2,--,4,False,True,False,--,0.568,-99.949,4.8,45.0,4.8,45.0,0.24,0.301,3.323,0.813,1.021,--,-144.863,144.863,-20.143,2.358,2.576,nan,nan,nan,nan,--,0.903,[1.    0.639 1.    0.776 0.578 0.992 1.   ],[ 0.567 -1.     0.002  0.262],[-100    0],--,1,0,0,0,0,0
4.8,45,0,3,--,4,False,True,False,--,0.556,-99.961,4.8,45.0,4.8,45.0,0.243,0.304,3.288,0.824,1.032,--,-149.365,149.365,-20.145,2.36,2.533,nan,nan,nan,nan,--,0.894,[0.992 0.629 1.    0.811 0.539 0.961 1.   ],[ 0.556 -0.999  0.003  0.263],[-100    0],--,1,0,0,0,0,0
4.8,45,0,4,--,4,False,True,False,--,0.566,-99.984,4.8,45.0,4.8,45.0,0.239,0.3,3.331,0.811,1.019,--,-143.652,143.652,-20.052,2.363,2.593,nan,nan,nan,nan,--,0.905,[0.996 0.641 1.    0.766 0.589 1.    1.   ],[ 0.568 -1.     0.002  0.262],[-100    0],--,1,0,0,0,0,0
4.8,55,0,0,--,4,False,True,False,--,0.556,-99.965,4.8,55.0,4.8,55.0,0.252,0.305,2.295,0.991,1.2,--,-162.12,162.12,-20.314,1.711,2.948,nan,nan,nan,nan,--,0.848,[0.996 0.6   0.958 0.81  0.428 0.873 1.   ],[ 0.554 -0.999  0.003  0.261],[-100    0],--,1,0,0,0,0,0
4.8,55,0,1,--,4,False,True,False,--,0.542,-99.961,4.8,55.0,4.8,55.0,0.253,0.306,2.288,0.995,1.203,--,-164.457,164.457,-20.339,1.711,2.926,nan,nan,nan,nan,--,0.838,[0.996 0.597 0.922 0.827 0.408 0.857 1.   ],[ 0.544 -0.999  0.003  0.263],[-100    0],--,1,0,0,0,0,0
4.8,55,0,2,--,4,False,True,False,--,0.575,-99.984,4.8,55.0,4.8,55.0,0.249,0.302,2.321,0.978,1.186,--,-156.328,156.328,-20.247,1.713,3.005,nan,nan,nan,nan,--,0.865,[0.995 0.61  1.    0.766 0.479 0.913 1.   ],[ 0.575 -1.     0.002  0.259],[-100    0],--,1,0,0,0,0,0
4.8,55,0,3,--,4,False,True,False,--,0.525,-99.93,4.8,55.0,4.8,55.0,0.255,0.308,2.275,1.002,1.21,--,-168.115,168.115,-20.454,1.705,2.886,nan,nan,nan,nan,--,0.822,[0.996 0.592 0.866 0.852 0.377 0.832 1.   ],[ 0.527 -0.999  0.003  0.266],[-100    0],--,1,0,0,0,0,0
4.8,55,0,4,--,4,False,True,False,--,0.576,-99.981,4.8,55.0,4.8,55.0,0.249,0.302,2.32,0.978,1.187,--,-156.33,156.33,-20.247,1.716,3.0,nan,nan,nan,nan,--,0.865,[0.994 0.61  1.    0.767 0.479 0.913 1.   ],[ 0.575 -1.     0.002  0.259],[-100    0],--,1,0,0,0,0,0
4.8,65,0,0,--,4,False,True,False,--,0.675,-99.993,4.8,65.0,4.8,65.0,0.248,0.296,1.574,1.08,1.288,--,-155.32,155.32,-20.314,0.988,3.424,nan,nan,nan,nan,--,0.853,[1.    0.612 1.    0.651 0.487 0.92  1.   ],[ 0.675 -1.     0.003  0.274],[-100    0],--,1,0,0,0,0,0
4.8,65,0,1,--,4,False,True,False,--,0.554,-99.868,4.8,65.0,4.8,65.0,0.252,0.3,1.555,1.097,1.305,--,-160.921,160.921,-20.361,0.987,3.367,nan,nan,nan,nan,--,0.834,[0.995 0.6   0.946 0.698 0.439 0.881 1.   ],[ 0.559 -0.999  0.005  0.301],[-100    0],--,1,0,0,0,0,0
4.8,65,0,2,--,4,False,True,False,--,0.674,-99.991,4.8,65.0,4.8,65.0,0.248,0.296,1.575,1.08,1.288,--,-155.295,155.295,-20.312,0.987,3.425,nan,nan,nan,nan,--,0.853,[0.998 0.612 1.    0.65  0.488 0.92  1.   ],[ 0.675 -1.     0.003  0.274],[-100    0],--,1,0,0,0,0,0
4.8,65,0,3,--,4,False,True,False,--,0.583,-99.983,4.8,65.0,4.8,65.0,0.252,0.3,1.557,1.095,1.303,--,-159.954,159.954,-20.372,0.986,3.378,nan,nan,nan,nan,--,0.838,[1.    0.601 0.961 0.69  0.447 0.888 1.   ],[ 0.581 -1.     0.005  0.299],[-100    0],--,1,0,0,0,0,0
4.8,65,0,4,--,4,False,True,False,--,0.673,-99.986,4.8,65.0,4.8,65.0,0.246,0.294,1.589,1.069,1.277,--,-151.799,151.799,-20.261,0.992,3.456,nan,nan,nan,nan,--,0.86,[0.999 0.62  1.    0.62  0.518 0.944 1.   ],[ 0.675 -1.     0.003  0.255],[-100    0],--,1,0,0,0,0,0
4.8,75,0,0,--,4,False,True,False,--,0.677,-99.984,4.8,75.0,4.8,75.0,0.248,0.293,0.916,1.148,1.356,--,-154.115,154.115,-20.294,0.205,3.718,nan,nan,nan,nan,--,0.84,[1.    0.614 1.    0.53  0.498 0.928 1.   ],[ 0.675 -1.     0.005  0.434],[-100    0],--,1,0,0,0,0,0
4.8,75,0,1,--,4,False,True,False,--,0.622,-99.956,4.8,75.0,4.8,75.0,0.25,0.295,0.909,1.158,1.366,--,-156.371,156.371,-20.318,0.204,3.696,nan,nan,nan,nan,--,0.835,[0.998 0.607 1.    0.549 0.478 0.913 1.   ],[ 0.626 -1.     0.007  0.439],[-100    0],--,1,0,0,0,0,0
4.8,75,0,2,--,4,False,True,False,--,0.634,-99.962,4.8,75.0,4.8,75.0,0.25,0.295,0.91,1.158,1.366,--,-156.404,156.404,-20.321,0.203,3.696,nan,nan,nan,nan,--,0.835,[0.999 0.607 1.    0.549 0.478 0.912 1.   ],[ 0.631 -1.     0.006  0.439],[-100    0],--,1,0,0,0,0,0
4.8,75,0,3,--,4,False,True,False,--,0.514,-99.981,4.8,75.0,4.8,75.0,0.252,0.297,0.902,1.169,1.377,--,-161.082,161.082,-20.382,0.203,3.649,nan,nan,nan,nan,--,0.814,[0.998 0.6   0.915 0.59  0.437 0.88  1.   ],[ 0.514 -0.999  0.011  0.442],[-100    0],--,1,0,0,0,0,0
4.8,75,0,4,--,4,False,True,False,--,0.674,-99.994,4.8,75.0,4.8,75.0,0.246,0.291,0.921,1.141,1.349,--,-151.786,151.786,-20.26,0.208,3.739,nan,nan,nan,nan,--,0.844,[0.999 0.618 1.    0.51  0.518 0.944 1.   ],[ 0.676 -1.     0.005  0.428],[-100    0],--,1,0,0,0,0,0
4.8,85,0,0,--,0,False,True,False,--,0.671,-99.994,4.8,85.0,4.8,85.0,0.242,0.285,0.307,1.156,1.364,--,-145.962,145.962,-20.162,-0.608,3.938,nan,nan,nan,nan,--,0.333,[0.991 0.632 1.    0.454 0.569 0.107 0.   ],[ 0.672 -1.     0.007  0.588],[-100    0],--,0,0,0,0,1,0
4.8,85,0,1,--,4,False,True,False,--,0.668,-99.996,4.8,85.0,4.8,85.0,0.238,0.282,0.31,1.14,1.348,--,-142.506,142.506,-20.098,-0.605,3.974,nan,nan,nan,nan,--,0.615,[1.    0.643 1.    0.444 0.599 0.112 1.   ],[ 0.673 -1.     0.007  0.584],[-100    0],--,1,0,0,0,0,0
4.8,85,0,2,--,0,False,True,False,--,0.669,-99.997,4.8,85.0,4.8,85.0,0.241,0.285,0.307,1.154,1.363,--,-145.976,145.976,-20.164,-0.609,3.94,nan,nan,nan,nan,--,0.333,[0.98  0.633 1.    0.454 0.569 0.107 0.   ],[ 0.672 -1.     0.007  0.587],[-100    0],--,0,0,0,0,1,0
4.8,85,0,3,--,0,False,True,False,--,0.682,-99.997,4.8,85.0,4.8,85.0,0.241,0.284,0.308,1.152,1.36,--,-144.834,144.834,-20.144,-0.61,3.954,nan,nan,nan,nan,--,0.334,[0.986 0.635 1.    0.45  0.579 0.108 0.   ],[ 0.672 -1.     0.007  0.586],[-100    0],--,0,0,0,0,1,0
4.8,85,0,4,--,0,False,True,False,--,0.671,-99.97,4.8,85.0,4.8,85.0,0.243,0.287,0.305,1.163,1.371,--,-147.123,147.123,-20.181,-0.614,3.933,nan,nan,nan,nan,--,0.332,[0.996 0.627 1.    0.457 0.559 0.105 0.   ],[ 0.672 -1.     0.007  0.589],[-100    0],--,0,0,0,0,1,0
